STATE,STATENAME,ST_CASE,PEDS,PERNOTMVIT,VE_TOTAL,VE_FORMS,PVH_INVL,PERSONS,PERMVIT,COUNTY,COUNTYNAME,CITY,CITYNAME,MONTH,MONTHNAME,DAY,DAYNAME,DAY_WEEK,DAY_WEEKNAME,YEAR,HOUR,HOURNAME,MINUTE,MINUTENAME,TWAY_ID,TWAY_ID2,ROUTE,ROUTENAME,RUR_URB,RUR_URBNAME,FUNC_SYS,FUNC_SYSNAME,RD_OWNER,RD_OWNERNAME,NHS,NHSNAME,SP_JUR,SP_JURNAME,MILEPT,MILEPTNAME,LATITUDE,LATITUDENAME,LONGITUD,LONGITUDNAME,HARM_EV,HARM_EVNAME,MAN_COLL,MAN_COLLNAME,RELJCT1,RELJCT1NAME,RELJCT2,RELJCT2NAME,TYP_INT,TYP_INTNAME,REL_ROAD,REL_ROADNAME,WRK_ZONE,WRK_ZONENAME,LGT_COND,LGT_CONDNAME,WEATHER,WEATHERNAME,SCH_BUS,SCH_BUSNAME,RAIL,RAILNAME,NOT_HOUR,NOT_HOURNAME,NOT_MIN,NOT_MINNAME,ARR_HOUR,ARR_HOURNAME,ARR_MIN,ARR_MINNAME,HOSP_HR,HOSP_HRNAME,HOSP_MN,HOSP_MNNAME,FATALS
12,Florida,120074,1,1,1,1,0,1,1,103,PINELLAS (103),0,NOT APPLICABLE,1,January,14,14,6,Friday,2022,5,5:00am-5:59am,50,50,SR-686,DODGE ST,3,State Highway,2,Urban,4,Minor Arterial,1,State Highway Agency,0,This section IS NOT on the NHS,0,No Special Jurisdiction,99998,Not Reported,27.91633889,27.91633889,-82.7261,-82.7261,8,Pedestrian,0,The First Harmful Event was Not a Collision with a Motor Vehicle in Transport,0,No,3,Intersection-Related,2,Four-Way Intersection,1,On Roadway,0,None,3,Dark - Lighted,1,Clear,0,No,0000000,Not Applicable,99,Unknown,99,Unknown,99,Unknown EMS Scene Arrival Hour,99,Unknown EMS Scene Arrival Minutes,99,Unknown,99,Unknown EMS Hospital Arrival Time,1
12,Florida,120075,0,0,3,3,0,4,4,83,MARION (83),0,NOT APPLICABLE,1,January,8,8,7,Saturday,2022,18,6:00pm-6:59pm,41,41,US-27,NA,2,US Highway,1,Rural,3,Principal Arterial - Other,1,State Highway Agency,1,This section IS ON the NHS,0,No Special Jurisdiction,99998,Not Reported,29.26503889,29.26503889,-82.32583889,-82.32583889,12,Motor Vehicle In-Transport,2,Front-to-Front,0,No,1,Non-Junction,1,Not an Intersection,1,On Roadway,0,None,2,Dark - Not Lighted,1,Clear,0,No,0000000,Not Applicable,99,Unknown,99,Unknown,99,Unknown EMS Scene Arrival Hour,99,Unknown EMS Scene Arrival Minutes,88,Not Applicable (Not Transported),88,Not Applicable (Not Transported),2
12,Florida,120076,1,1,1,1,0,1,1,105,POLK (105),120,AUBURNDALE,1,January,5,5,4,Wednesday,2022,6,6:00am-6:59am,24,24,US-92,SR-544,2,US Highway,2,Urban,3,Principal Arterial - Other,1,State Highway Agency,1,This section IS ON the NHS,0,No Special Jurisdiction,99998,Not Reported,28.05847222,28.05847222,-81.78272778,-81.78272778,8,Pedestrian,0,The First Harmful Event was Not a Collision with a Motor Vehicle in Transport,0,No,2,Intersection,4,Y-Intersection,1,On Roadway,0,None,3,Dark - Lighted,10,Cloudy,0,No,0000000,Not Applicable,99,Unknown,99,Unknown,99,Unknown EMS Scene Arrival Hour,99,Unknown EMS Scene Arrival Minutes,88,Not Applicable (Not Transported),88,Not Applicable (Not Transported),1
12,Florida,120077,0,0,3,3,0,2,2,86,MIAMI-DADE (86),2010,MIAMI,1,January,18,18,3,Tuesday,2022,20,8:00pm-8:59pm,24,24,SR-9,26TH ST,3,State Highway,2,Urban,3,Principal Arterial - Other,1,State Highway Agency,1,This section IS ON the NHS,0,No Special Jurisdiction,99998,Not Reported,25.79975,25.79975,-80.23982778,-80.23982778,12,Motor Vehicle In-Transport,6,Angle,0,No,2,Intersection,2,Four-Way Intersection,1,On Roadway,0,None,3,Dark - Lighted,1,Clear,0,No,0000000,Not Applicable,99,Unknown,99,Unknown,99,Unknown EMS Scene Arrival Hour,99,Unknown EMS Scene Arrival Minutes,99,Unknown,99,Unknown EMS Hospital Arrival Time,1
12,Florida,120078,1,1,1,1,0,2,2,81,MANATEE (81),340,BRADENTON,1,January,7,7,6,Friday,2022,15,3:00pm-3:59pm,34,34,SR-64,NA,3,State Highway,2,Urban,3,Principal Arterial - Other,1,State Highway Agency,0,This section IS NOT on the NHS,0,No Special Jurisdiction,99998,Not Reported,27.49585833,27.49585833,-82.61671111,-82.61671111,9,Pedalcyclist,0,The First Harmful Event was Not a Collision with a Motor Vehicle in Transport,0,No,1,Non-Junction,1,Not an Intersection,1,On Roadway,0,None,1,Daylight,1,Clear,0,No,0000000,Not Applicable,99,Unknown,99,Unknown,99,Unknown EMS Scene Arrival Hour,99,Unknown EMS Scene Arrival Minutes,88,Not Applicable (Not Transported),88,Not Applicable (Not Transported),1
12,Florida,120079,1,1,1,1,0,1,1,99,PALM BEACH (99),2840,SOUTH BAY,1,January,17,17,2,Monday,2022,3,3:00am-3:59am,57,57,SR-80,NA,3,State Highway,2,Urban,3,Principal Arterial - Other,1,State Highway Agency,1,This section IS ON the NHS,0,No Special Jurisdiction,99998,Not Reported,26.66433611,26.66433611,-80.71343333,-80.71343333,8,Pedestrian,0,The First Harmful Event was Not a Collision with a Motor Vehicle in Transport,0,No,1,Non-Junction,1,Not an Intersection,1,On Roadway,0,None,2,Dark - Not Lighted,1,Clear,0,No,0000000,Not Applicable,99,Unknown,98,Unknown if Notified,99,Unknown EMS Scene Arrival Hour,98,Unknown if Arrived,88,Not Applicable (Not Transported),88,Not Applicable (Not Transported),1
12,Florida,120080,1,1,1,1,0,1,1,117,SEMINOLE (117),0,NOT APPLICABLE,1,January,5,5,4,Wednesday,2022,20,8:00pm-8:59pm,3,3,SR-434,NA,3,State Highway,2,Urban,3,Principal Arterial - Other,1,State Highway Agency,1,This section IS ON the NHS,0,No Special Jurisdiction,99998,Not Reported,28.63741944,28.63741944,-81.20808056,-81.20808056,8,Pedestrian,0,The First Harmful Event was Not a Collision with a Motor Vehicle in Transport,0,No,1,Non-Junction,1,Not an Intersection,1,On Roadway,0,None,2,Dark - Not Lighted,1,Clear,0,No,0000000,Not Applicable,99,Unknown,99,Unknown,99,Unknown EMS Scene Arrival Hour,99,Unknown EMS Scene Arrival Minutes,99,Unknown,99,Unknown EMS Hospital Arrival Time,1
12,Florida,120081,0,0,4,4,0,5,5,105,POLK (105),1270,HAINES CITY,1,January,6,6,5,Thursday,2022,15,3:00pm-3:59pm,50,50,HINSON AVENUE E,NA,5,Local Street - Township,1,Rural,7,Local,98,Not Reported,0,This section IS NOT on the NHS,0,No Special Jurisdiction,99998,Not Reported,28.10680278,28.10680278,-81.59456667,-81.59456667,12,Motor Vehicle In-Transport,8,Sideswipe - Opposite Direction,0,No,1,Non-Junction,1,Not an Intersection,1,On Roadway,0,None,1,Daylight,10,Cloudy,0,No,0000000,Not Applicable,15,3:00pm-3:59pm,53,53,15,3:00pm-3:59pm,57,57,99,Unknown,99,Unknown EMS Hospital Arrival Time,1
12,Florida,120082,0,0,2,2,0,2,2,83,MARION (83),0,NOT APPLICABLE,1,January,18,18,3,Tuesday,2022,11,11:00am-11:59am,20,20,NORTHEAST 90 STREET ROAD,NA,9,Unknown,1,Rural,6,Minor Collector,98,Not Reported,0,This section IS NOT on the NHS,0,No Special Jurisdiction,99998,Not Reported,29.28468056,29.28468056,-82.05341111,-82.05341111,1,Rollover/Overturn,0,The First Harmful Event was Not a Collision with a Motor Vehicle in Transport,0,No,1,Non-Junction,1,Not an Intersection,4,On Roadside,0,None,1,Daylight,1,Clear,0,No,0000000,Not Applicable,99,Unknown,99,Unknown,99,Unknown EMS Scene Arrival Hour,99,Unknown EMS Scene Arrival Minutes,99,Unknown,99,Unknown EMS Hospital Arrival Time,1
12,Florida,120083,0,0,3,3,0,4,4,131,WALTON (131),0,NOT APPLICABLE,1,January,10,10,2,Monday,2022,16,4:00pm-4:59pm,38,38,US-90,NA,2,US Highway,1,Rural,4,Minor Arterial,1,State Highway Agency,0,This section IS NOT on the NHS,0,No Special Jurisdiction,99998,Not Reported,30.74701667,30.74701667,-86.23360833,-86.23360833,12,Motor Vehicle In-Transport,1,Front-to-Rear,0,No,1,Non-Junction,1,Not an Intersection,1,On Roadway,0,None,1,Daylight,1,Clear,0,No,0000000,Not Applicable,99,Unknown,99,Unknown,99,Unknown EMS Scene Arrival Hour,99,Unknown EMS Scene Arrival Minutes,99,Unknown,99,Unknown EMS Hospital Arrival Time,1
12,Florida,120084,0,0,3,3,0,3,3,95,ORANGE (95),0,NOT APPLICABLE,1,January,8,8,7,Saturday,2022,20,8:00pm-8:59pm,49,49,US-441,JONES AVE,2,US Highway,2,Urban,3,Principal Arterial - Other,1,State Highway Agency,1,This section IS ON the NHS,0,No Special Jurisdiction,99998,Not Reported,28.73093056,28.73093056,-81.60605,-81.60605,12,Motor Vehicle In-Transport,6,Angle,0,No,2,Intersection,2,Four-Way Intersection,1,On Roadway,0,None,2,Dark - Not Lighted,1,Clear,0,No,0000000,Not Applicable,99,Unknown,99,Unknown,99,Unknown EMS Scene Arrival Hour,99,Unknown EMS Scene Arrival Minutes,99,Unknown,99,Unknown EMS Hospital Arrival Time,1
12,Florida,120085,0,0,1,1,0,6,6,107,PUTNAM (107),0,NOT APPLICABLE,1,January,9,9,1,Sunday,2022,2,2:00am-2:59am,30,30,YELVINGTON ROAD,NA,9,Unknown,1,Rural,7,Local,98,Not Reported,0,This section IS NOT on the NHS,0,No Special Jurisdiction,99998,Not Reported,29.63722778,29.63722778,-81.54708611,-81.54708611,1,Rollover/Overturn,0,The First Harmful Event was Not a Collision with a Motor Vehicle in Transport,0,No,1,Non-Junction,1,Not an Intersection,4,On Roadside,0,None,2,Dark - Not Lighted,1,Clear,0,No,0000000,Not Applicable,99,Unknown,99,Unknown,99,Unknown EMS Scene Arrival Hour,99,Unknown EMS Scene Arrival Minutes,99,Unknown,99,Unknown EMS Hospital Arrival Time,1
12,Florida,120086,0,0,1,1,0,1,1,95,ORANGE (95),0,NOT APPLICABLE,1,January,8,8,7,Saturday,2022,2,2:00am-2:59am,20,20,CURRY FORD ROAD,HANSON PARKWAY,6,Local Street - Municipality,2,Urban,4,Minor Arterial,2,County Highway Agency,0,This section IS NOT on the NHS,0,No Special Jurisdiction,99998,Not Reported,28.510175,28.510175,-81.27985556,-81.27985556,59,Traffic Sign Support,0,The First Harmful Event was Not a Collision with a Motor Vehicle in Transport,0,No,3,Intersection-Related,2,Four-Way Intersection,4,On Roadside,0,None,3,Dark - Lighted,1,Clear,0,No,0000000,Not Applicable,99,Unknown,99,Unknown,99,Unknown EMS Scene Arrival Hour,99,Unknown EMS Scene Arrival Minutes,88,Not Applicable (Not Transported),88,Not Applicable (Not Transported),1
12,Florida,120087,1,1,1,1,0,1,1,57,HILLSBOROUGH (57),2950,TAMPA,1,January,16,16,1,Sunday,2022,15,3:00pm-3:59pm,48,48,SR-589,NA,3,State Highway,2,Urban,2,Principal Arterial - Other Freeways and Expressways,1,State Highway Agency,1,This section IS ON the NHS,0,No Special Jurisdiction,99998,Not Reported,27.96554167,27.96554167,-82.54780556,-82.54780556,9,Pedalcyclist,0,The First Harmful Event was Not a Collision with a Motor Vehicle in Transport,0,No,1,Non-Junction,1,Not an Intersection,1,On Roadway,0,None,1,Daylight,8,Other,0,No,0000000,Not Applicable,99,Unknown,99,Unknown,99,Unknown EMS Scene Arrival Hour,99,Unknown EMS Scene Arrival Minutes,99,Unknown,99,Unknown EMS Hospital Arrival Time,1
12,Florida,120088,0,0,2,2,0,5,5,99,PALM BEACH (99),0,NOT APPLICABLE,1,January,16,16,1,Sunday,2022,1,1:00am-1:59am,35,35,LANTANA RD,CONGRESS AVE,6,Local Street - Municipality,2,Urban,3,Principal Arterial - Other,98,Not Reported,0,This section IS NOT on the NHS,0,No Special Jurisdiction,99998,Not Reported,26.61750833,26.61750833,-80.08913333,-80.08913333,12,Motor Vehicle In-Transport,6,Angle,0,No,2,Intersection,2,Four-Way Intersection,1,On Roadway,0,None,3,Dark - Lighted,10,Cloudy,0,No,0000000,Not Applicable,99,Unknown,99,Unknown,99,Unknown EMS Scene Arrival Hour,99,Unknown EMS Scene Arrival Minutes,88,Not Applicable (Not Transported),88,Not Applicable (Not Transported),1
12,Florida,120089,1,1,1,1,0,1,1,86,MIAMI-DADE (86),2023,MIAMI GARDENS,1,January,1,1,7,Saturday,2022,17,5:00pm-5:59pm,50,50,22ND AVE,NA,6,Local Street - Municipality,2,Urban,4,Minor Arterial,98,Not Reported,0,This section IS NOT on the NHS,0,No Special Jurisdiction,99998,Not Reported,25.92524444,25.92524444,-80.23646111,-80.23646111,8,Pedestrian,0,The First Harmful Event was Not a Collision with a Motor Vehicle in Transport,0,No,1,Non-Junction,1,Not an Intersection,1,On Roadway,0,None,1,Daylight,1,Clear,0,No,0000000,Not Applicable,99,Unknown,99,Unknown,99,Unknown EMS Scene Arrival Hour,99,Unknown EMS Scene Arrival Minutes,88,Not Applicable (Not Transported),88,Not Applicable (Not Transported),1
12,Florida,120090,0,0,1,1,0,1,1,19,CLAY (19),0,NOT APPLICABLE,1,January,10,10,2,Monday,2022,2,2:00am-2:59am,0,0,CR-739,CR-209,4,County Road,2,Urban,5,Major Collector,98,Not Reported,0,This section IS NOT on the NHS,0,No Special Jurisdiction,99998,Not Reported,30.07736111,30.07736111,-81.80918056,-81.80918056,33,Curb,0,The First Harmful Event was Not a Collision with a Motor Vehicle in Transport,0,No,3,Intersection-Related,3,T-Intersection,4,On Roadside,0,None,2,Dark - Not Lighted,10,Cloudy,0,No,0000000,Not Applicable,99,Unknown,99,Unknown,99,Unknown EMS Scene Arrival Hour,99,Unknown EMS Scene Arrival Minutes,88,Not Applicable (Not Transported),88,Not Applicable (Not Transported),1
12,Florida,120091,0,0,3,3,0,3,3,85,MARTIN (85),2900,STUART,1,January,5,5,4,Wednesday,2022,12,12:00pm-12:59pm,8,8,US-1,NA,2,US Highway,2,Urban,3,Principal Arterial - Other,1,State Highway Agency,1,This section IS ON the NHS,0,No Special Jurisdiction,99998,Not Reported,27.18141111,27.18141111,-80.240325,-80.240325,12,Motor Vehicle In-Transport,1,Front-to-Rear,0,No,1,Non-Junction,1,Not an Intersection,1,On Roadway,0,None,1,Daylight,1,Clear,0,No,0000000,Not Applicable,99,Unknown,99,Unknown,99,Unknown EMS Scene Arrival Hour,99,Unknown EMS Scene Arrival Minutes,99,Unknown,99,Unknown EMS Hospital Arrival Time,1
12,Florida,120093,0,0,3,3,0,3,3,53,HERNANDO (53),0,NOT APPLICABLE,1,January,8,8,7,Saturday,2022,11,11:00am-11:59am,10,10,US-19,NA,2,US Highway,2,Urban,3,Principal Arterial - Other,1,State Highway Agency,1,This section IS ON the NHS,0,No Special Jurisdiction,99998,Not Reported,28.52067222,28.52067222,-82.57052778,-82.57052778,12,Motor Vehicle In-Transport,1,Front-to-Rear,0,No,1,Non-Junction,1,Not an Intersection,1,On Roadway,0,None,1,Daylight,1,Clear,0,No,0000000,Not Applicable,11,11:00am-11:59am,8,8,11,11:00am-11:59am,11,11,99,Unknown,99,Unknown EMS Hospital Arrival Time,1
12,Florida,120094,1,1,1,1,0,2,2,17,CITRUS (17),1445,HOMOSASSA SPRINGS,1,January,10,10,2,Monday,2022,22,10:00pm-10:59pm,24,24,W GROVER CLEVELAND BOULEVARD,NA,9,Unknown,2,Urban,5,Major Collector,98,Not Reported,0,This section IS NOT on the NHS,0,No Special Jurisdiction,99998,Not Reported,28.80384167,28.80384167,-82.55950278,-82.55950278,8,Pedestrian,0,The First Harmful Event was Not a Collision with a Motor Vehicle in Transport,0,No,1,Non-Junction,1,Not an Intersection,1,On Roadway,0,None,2,Dark - Not Lighted,1,Clear,0,No,0000000,Not Applicable,22,10:00pm-10:59pm,25,25,22,10:00pm-10:59pm,30,30,88,Not Applicable (Not Transported),88,Not Applicable (Not Transported),1
12,Florida,120095,1,1,2,2,0,1,1,99,PALM BEACH (99),290,BOCA RATON,1,January,2,2,1,Sunday,2022,0,0:00am-0:59am,53,53,I-95 NB,NA,1,Interstate,2,Urban,1,Interstate,1,State Highway Agency,1,This section IS ON the NHS,0,No Special Jurisdiction,99998,Not Reported,26.41643889,26.41643889,-80.089775,-80.089775,12,Motor Vehicle In-Transport,1,Front-to-Rear,0,No,1,Non-Junction,1,Not an Intersection,1,On Roadway,0,None,2,Dark - Not Lighted,1,Clear,0,No,0000000,Not Applicable,99,Unknown,99,Unknown,99,Unknown EMS Scene Arrival Hour,99,Unknown EMS Scene Arrival Minutes,99,Unknown,99,Unknown EMS Hospital Arrival Time,1
12,Florida,120096,0,0,2,2,0,2,2,71,LEE (71),0,NOT APPLICABLE,1,January,18,18,3,Tuesday,2022,19,7:00pm-7:59pm,50,50,CR-840,PHLOX DR,4,County Road,2,Urban,4,Minor Arterial,98,Not Reported,0,This section IS NOT on the NHS,0,No Special Jurisdiction,99998,Not Reported,26.49266944,26.49266944,-81.82138889,-81.82138889,12,Motor Vehicle In-Transport,6,Angle,0,No,2,Intersection,3,T-Intersection,1,On Roadway,0,None,5,Dusk,1,Clear,0,No,0000000,Not Applicable,99,Unknown,99,Unknown,99,Unknown EMS Scene Arrival Hour,99,Unknown EMS Scene Arrival Minutes,88,Not Applicable (Not Transported),88,Not Applicable (Not Transported),1
12,Florida,120097,0,0,2,2,0,2,2,125,UNION (125),0,NOT APPLICABLE,1,January,21,21,6,Friday,2022,6,6:00am-6:59am,30,30,SR-121,NA,3,State Highway,1,Rural,4,Minor Arterial,1,State Highway Agency,0,This section IS NOT on the NHS,0,No Special Jurisdiction,99998,Not Reported,30.04088889,30.04088889,-82.30846944,-82.30846944,12,Motor Vehicle In-Transport,2,Front-to-Front,0,No,1,Non-Junction,1,Not an Intersection,1,On Roadway,0,None,2,Dark - Not Lighted,1,Clear,0,No,0000000,Not Applicable,99,Unknown,99,Unknown,99,Unknown EMS Scene Arrival Hour,99,Unknown EMS Scene Arrival Minutes,99,Unknown,99,Unknown EMS Hospital Arrival Time,1
12,Florida,120098,1,1,1,1,0,2,2,9,BREVARD (9),0,NOT APPLICABLE,1,January,21,21,6,Friday,2022,18,6:00pm-6:59pm,15,15,SR-520,NA,3,State Highway,2,Urban,3,Principal Arterial - Other,1,State Highway Agency,1,This section IS ON the NHS,0,No Special Jurisdiction,99998,Not Reported,28.35571111,28.35571111,-80.77485,-80.77485,9,Pedalcyclist,0,The First Harmful Event was Not a Collision with a Motor Vehicle in Transport,0,No,1,Non-Junction,1,Not an Intersection,1,On Roadway,0,None,2,Dark - Not Lighted,1,Clear,0,No,0000000,Not Applicable,99,Unknown,99,Unknown,99,Unknown EMS Scene Arrival Hour,99,Unknown EMS Scene Arrival Minutes,99,Unknown,99,Unknown EMS Hospital Arrival Time,1
12,Florida,120099,0,0,2,2,0,2,2,93,OKEECHOBEE (93),0,NOT APPLICABLE,1,January,17,17,2,Monday,2022,7,7:00am-7:59am,2,2,US-98,NA,2,US Highway,1,Rural,3,Principal Arterial - Other,1,State Highway Agency,1,This section IS ON the NHS,0,No Special Jurisdiction,99998,Not Reported,27.29778056,27.29778056,-80.89308056,-80.89308056,12,Motor Vehicle In-Transport,2,Front-to-Front,0,No,1,Non-Junction,1,Not an Intersection,1,On Roadway,0,None,1,Daylight,1,Clear,0,No,0000000,Not Applicable,99,Unknown,99,Unknown,99,Unknown EMS Scene Arrival Hour,99,Unknown EMS Scene Arrival Minutes,99,Unknown,99,Unknown EMS Hospital Arrival Time,1
12,Florida,120100,1,1,2,2,0,2,2,69,LAKE (69),580,CLERMONT,1,January,19,19,4,Wednesday,2022,16,4:00pm-4:59pm,0,0,HANCOCK RD N,OLD HWY 50,6,Local Street - Municipality,2,Urban,5,Major Collector,98,Not Reported,0,This section IS NOT on the NHS,0,No Special Jurisdiction,99998,Not Reported,28.57121667,28.57121667,-81.72035278,-81.72035278,9,Pedalcyclist,0,The First Harmful Event was Not a Collision with a Motor Vehicle in Transport,0,No,3,Intersection-Related,2,Four-Way Intersection,1,On Roadway,0,None,1,Daylight,1,Clear,0,No,0000000,Not Applicable,99,Unknown,99,Unknown,99,Unknown EMS Scene Arrival Hour,99,Unknown EMS Scene Arrival Minutes,88,Not Applicable (Not Transported),88,Not Applicable (Not Transported),1
12,Florida,120101,0,0,3,3,0,4,4,85,MARTIN (85),0,NOT APPLICABLE,1,January,4,4,3,Tuesday,2022,12,12:00pm-12:59pm,49,49,CR-708,NA,4,County Road,1,Rural,4,Minor Arterial,98,Not Reported,0,This section IS NOT on the NHS,0,No Special Jurisdiction,99998,Not Reported,27.04389444,27.04389444,-80.18780556,-80.18780556,12,Motor Vehicle In-Transport,8,Sideswipe - Opposite Direction,0,No,1,Non-Junction,1,Not an Intersection,1,On Roadway,0,None,1,Daylight,1,Clear,0,No,0000000,Not Applicable,99,Unknown,99,Unknown,99,Unknown EMS Scene Arrival Hour,99,Unknown EMS Scene Arrival Minutes,99,Unknown,99,Unknown EMS Hospital Arrival Time,1
12,Florida,120102,0,0,1,1,0,1,1,85,MARTIN (85),0,NOT APPLICABLE,1,January,18,18,3,Tuesday,2022,5,5:00am-5:59am,30,30,CR-726,NA,4,County Road,1,Rural,4,Minor Arterial,98,Not Reported,0,This section IS NOT on the NHS,0,No Special Jurisdiction,99998,Not Reported,27.05438333,27.05438333,-80.35468889,-80.35468889,30,Utility Pole/Light Support,0,The First Harmful Event was Not a Collision with a Motor Vehicle in Transport,0,No,1,Non-Junction,1,Not an Intersection,4,On Roadside,0,None,4,Dawn,1,Clear,0,No,0000000,Not Applicable,99,Unknown,99,Unknown,99,Unknown EMS Scene Arrival Hour,99,Unknown EMS Scene Arrival Minutes,99,Unknown,99,Unknown EMS Hospital Arrival Time,1
12,Florida,120103,0,0,1,1,0,1,1,83,MARION (83),0,NOT APPLICABLE,1,January,20,20,5,Thursday,2022,8,8:00am-8:59am,50,50,CR-314,NA,4,County Road,1,Rural,5,Major Collector,98,Not Reported,0,This section IS NOT on the NHS,0,No Special Jurisdiction,99998,Not Reported,29.24477778,29.24477778,-81.93756944,-81.93756944,42,Tree (Standing Only),0,The First Harmful Event was Not a Collision with a Motor Vehicle in Transport,0,No,1,Non-Junction,1,Not an Intersection,4,On Roadside,0,None,1,Daylight,1,Clear,0,No,0000000,Not Applicable,99,Unknown,99,Unknown,99,Unknown EMS Scene Arrival Hour,99,Unknown EMS Scene Arrival Minutes,88,Not Applicable (Not Transported),88,Not Applicable (Not Transported),1
12,Florida,120104,1,1,1,1,0,1,1,15,CHARLOTTE (15),0,NOT APPLICABLE,1,January,12,12,4,Wednesday,2022,6,6:00am-6:59am,50,50,US-41,NA,2,US Highway,2,Urban,3,Principal Arterial - Other,1,State Highway Agency,1,This section IS ON the NHS,0,No Special Jurisdiction,99998,Not Reported,26.95345,26.95345,-82.06265,-82.06265,8,Pedestrian,0,The First Harmful Event was Not a Collision with a Motor Vehicle in Transport,0,No,1,Non-Junction,1,Not an Intersection,1,On Roadway,0,None,3,Dark - Lighted,1,Clear,0,No,0000000,Not Applicable,99,Unknown,99,Unknown,99,Unknown EMS Scene Arrival Hour,99,Unknown EMS Scene Arrival Minutes,88,Not Applicable (Not Transported),88,Not Applicable (Not Transported),1
12,Florida,120105,0,0,1,1,0,1,1,9,BREVARD (9),2000,MELBOURNE BEACH,1,January,7,7,6,Friday,2022,21,9:00pm-9:59pm,38,38,US-1 OCEAN AVE,NA,2,US Highway,2,Urban,4,Minor Arterial,1,State Highway Agency,0,This section IS NOT on the NHS,0,No Special Jurisdiction,99998,Not Reported,28.06848611,28.06848611,-80.55739167,-80.55739167,59,Traffic Sign Support,0,The First Harmful Event was Not a Collision with a Motor Vehicle in Transport,0,No,1,Non-Junction,1,Not an Intersection,4,On Roadside,0,None,3,Dark - Lighted,1,Clear,0,No,0000000,Not Applicable,99,Unknown,99,Unknown,99,Unknown EMS Scene Arrival Hour,99,Unknown EMS Scene Arrival Minutes,99,Unknown,99,Unknown EMS Hospital Arrival Time,1
12,Florida,120106,0,0,1,1,0,1,1,1,ALACHUA (1),1130,GAINESVILLE,1,January,15,15,7,Saturday,2022,4,4:00am-4:59am,57,57,SR-121,NA,3,State Highway,2,Urban,4,Minor Arterial,1,State Highway Agency,0,This section IS NOT on the NHS,0,No Special Jurisdiction,99998,Not Reported,29.69981389,29.69981389,-82.37086944,-82.37086944,43,Other Fixed Object,0,The First Harmful Event was Not a Collision with a Motor Vehicle in Transport,0,No,1,Non-Junction,1,Not an Intersection,4,On Roadside,0,None,3,Dark - Lighted,1,Clear,0,No,0000000,Not Applicable,99,Unknown,99,Unknown,99,Unknown EMS Scene Arrival Hour,99,Unknown EMS Scene Arrival Minutes,88,Not Applicable (Not Transported),88,Not Applicable (Not Transported),1
12,Florida,120107,1,1,1,1,0,1,1,57,HILLSBOROUGH (57),2950,TAMPA,1,January,19,19,4,Wednesday,2022,9,9:00am-9:59am,40,40,E HUMPHREY ST,N 40TH ST,6,Local Street - Municipality,2,Urban,7,Local,98,Not Reported,0,This section IS NOT on the NHS,0,No Special Jurisdiction,99998,Not Reported,28.03064722,28.03064722,-82.416163890000007,-82.416163890000007,9,Pedalcyclist,0,The First Harmful Event was Not a Collision with a Motor Vehicle in Transport,0,No,3,Intersection-Related,2,Four-Way Intersection,1,On Roadway,0,None,1,Daylight,1,Clear,0,No,0000000,Not Applicable,99,Unknown,99,Unknown,99,Unknown EMS Scene Arrival Hour,99,Unknown EMS Scene Arrival Minutes,99,Unknown,99,Unknown EMS Hospital Arrival Time,1
12,Florida,120108,1,1,1,1,0,1,1,99,PALM BEACH (99),0,NOT APPLICABLE,1,January,24,24,2,Monday,2022,6,6:00am-6:59am,13,13,SEACREST BLVD,NA,6,Local Street - Municipality,2,Urban,6,Minor Collector,98,Not Reported,0,This section IS NOT on the NHS,0,No Special Jurisdiction,99998,Not Reported,26.56565,26.56565,-80.06645,-80.06645,8,Pedestrian,0,The First Harmful Event was Not a Collision with a Motor Vehicle in Transport,0,No,1,Non-Junction,1,Not an Intersection,1,On Roadway,0,None,3,Dark - Lighted,1,Clear,0,No,0000000,Not Applicable,99,Unknown,99,Unknown,99,Unknown EMS Scene Arrival Hour,99,Unknown EMS Scene Arrival Minutes,99,Unknown,99,Unknown EMS Hospital Arrival Time,1
12,Florida,120110,0,0,2,2,0,2,2,111,ST LUCIE (111),1080,FORT PIERCE,1,January,23,23,1,Sunday,2022,17,5:00pm-5:59pm,55,55,GEORGIA AVE,S 12TH ST,6,Local Street - Municipality,2,Urban,7,Local,98,Not Reported,0,This section IS NOT on the NHS,0,No Special Jurisdiction,99998,Not Reported,27.43976389,27.43976389,-80.33507222,-80.33507222,12,Motor Vehicle In-Transport,6,Angle,0,No,2,Intersection,2,Four-Way Intersection,1,On Roadway,0,None,3,Dark - Lighted,10,Cloudy,0,No,0000000,Not Applicable,99,Unknown,98,Unknown if Notified,99,Unknown EMS Scene Arrival Hour,98,Unknown if Arrived,88,Not Applicable (Not Transported),88,Not Applicable (Not Transported),1
12,Florida,120111,0,0,2,1,1,1,1,111,ST LUCIE (111),1080,FORT PIERCE,1,January,22,22,7,Saturday,2022,21,9:00pm-9:59pm,37,37,APPLE ST,NA,8,Other,2,Urban,7,Local,4,City or Municipal Highway Agency,0,This section IS NOT on the NHS,0,No Special Jurisdiction,99998,Not Reported,27.43528889,27.43528889,-80.34891111,-80.34891111,14,Parked Motor Vehicle,0,The First Harmful Event was Not a Collision with a Motor Vehicle in Transport,0,No,1,Non-Junction,1,Not an Intersection,4,On Roadside,0,None,2,Dark - Not Lighted,10,Cloudy,0,No,0000000,Not Applicable,99,Unknown,99,Unknown,99,Unknown EMS Scene Arrival Hour,99,Unknown EMS Scene Arrival Minutes,99,Unknown,99,Unknown EMS Hospital Arrival Time,1