STATE,STATENAME,ST_CASE,PEDS,PERNOTMVIT,VE_TOTAL,VE_FORMS,PVH_INVL,PERSONS,PERMVIT,COUNTY,COUNTYNAME,CITY,CITYNAME,MONTH,MONTHNAME,DAY,DAYNAME,DAY_WEEK,DAY_WEEKNAME,YEAR,HOUR,HOURNAME,MINUTE,MINUTENAME,TWAY_ID,TWAY_ID2,ROUTE,ROUTENAME,RUR_URB,RUR_URBNAME,FUNC_SYS,FUNC_SYSNAME,RD_OWNER,RD_OWNERNAME,NHS,NHSNAME,SP_JUR,SP_JURNAME,MILEPT,MILEPTNAME,LATITUDE,LATITUDENAME,LONGITUD,LONGITUDNAME,HARM_EV,HARM_EVNAME,MAN_COLL,MAN_COLLNAME,RELJCT1,RELJCT1NAME,RELJCT2,RELJCT2NAME,TYP_INT,TYP_INTNAME,REL_ROAD,REL_ROADNAME,WRK_ZONE,WRK_ZONENAME,LGT_COND,LGT_CONDNAME,WEATHER,WEATHERNAME,SCH_BUS,SCH_BUSNAME,RAIL,RAILNAME,NOT_HOUR,NOT_HOURNAME,NOT_MIN,NOT_MINNAME,ARR_HOUR,ARR_HOURNAME,ARR_MIN,ARR_MINNAME,HOSP_HR,HOSP_HRNAME,HOSP_MN,HOSP_MNNAME,FATALS
12,Florida,121213,2,2,2,2,0,2,2,95,ORANGE (95),0,NOT APPLICABLE,4,April,20,20,4,Wednesday,2022,23,11:00pm-11:59pm,35,35,COURTLAND STREET,NA,9,Unknown,1,Rural,7,Local,98,Not Reported,0,This section IS NOT on the NHS,0,No Special Jurisdiction,99998,Not Reported,28.60387778,28.60387778,-81.39256944,-81.39256944,12,Motor Vehicle In-Transport,6,Angle,0,No,8,Driveway Access Related,1,Not an Intersection,1,On Roadway,0,None,3,Dark - Lighted,10,Cloudy,0,No,0000000,Not Applicable,99,Unknown,99,Unknown,99,Unknown EMS Scene Arrival Hour,99,Unknown EMS Scene Arrival Minutes,99,Unknown,99,Unknown EMS Hospital Arrival Time,1
12,Florida,121214,0,0,1,1,0,3,3,113,SANTA ROSA (113),0,NOT APPLICABLE,5,May,1,1,1,Sunday,2022,0,0:00am-0:59am,49,49,BROWNSDALE LOOP ROAD,NA,9,Unknown,1,Rural,7,Local,98,Not Reported,0,This section IS NOT on the NHS,0,No Special Jurisdiction,99998,Not Reported,30.87724722,30.87724722,-87.24293889,-87.24293889,38,Fence,0,The First Harmful Event was Not a Collision with a Motor Vehicle in Transport,0,No,1,Non-Junction,1,Not an Intersection,4,On Roadside,0,None,2,Dark - Not Lighted,5,"Fog, Smog, Smoke",0,No,0000000,Not Applicable,99,Unknown,99,Unknown,99,Unknown EMS Scene Arrival Hour,99,Unknown EMS Scene Arrival Minutes,99,Unknown,99,Unknown EMS Hospital Arrival Time,1
12,Florida,121215,0,0,2,2,0,1,1,95,ORANGE (95),0,NOT APPLICABLE,4,April,13,13,4,Wednesday,2022,12,12:00pm-12:59pm,40,40,SR-50,NA,3,State Highway,2,Urban,3,Principal Arterial - Other,1,State Highway Agency,1,This section IS ON the NHS,0,No Special Jurisdiction,99998,Not Reported,28.56165833,28.56165833,-81.13289722,-81.13289722,12,Motor Vehicle In-Transport,1,Front-to-Rear,0,No,1,Non-Junction,1,Not an Intersection,1,On Roadway,0,None,1,Daylight,1,Clear,0,No,0000000,Not Applicable,99,Unknown,99,Unknown,99,Unknown EMS Scene Arrival Hour,99,Unknown EMS Scene Arrival Minutes,99,Unknown,99,Unknown EMS Hospital Arrival Time,1
12,Florida,121216,0,0,2,2,0,4,4,83,MARION (83),0,NOT APPLICABLE,5,May,13,13,6,Friday,2022,14,2:00pm-2:59pm,10,10,CR-326,NA,4,County Road,1,Rural,6,Minor Collector,2,County Highway Agency,0,This section IS NOT on the NHS,0,No Special Jurisdiction,99998,Not Reported,29.28088333,29.28088333,-82.380625,-82.380625,12,Motor Vehicle In-Transport,2,Front-to-Front,0,No,1,Non-Junction,1,Not an Intersection,2,On Shoulder,0,None,1,Daylight,2,Rain,0,No,0000000,Not Applicable,99,Unknown,99,Unknown,99,Unknown EMS Scene Arrival Hour,99,Unknown EMS Scene Arrival Minutes,99,Unknown,99,Unknown EMS Hospital Arrival Time,1
12,Florida,121217,0,0,1,1,0,1,1,51,HENDRY (51),0,NOT APPLICABLE,5,May,10,10,3,Tuesday,2022,6,6:00am-6:59am,42,42,YEEHAW AVE,NA,8,Other,1,Rural,7,Local,98,Not Reported,0,This section IS NOT on the NHS,0,No Special Jurisdiction,99998,Not Reported,26.64795833,26.64795833,-81.28390556,-81.28390556,1,Rollover/Overturn,0,The First Harmful Event was Not a Collision with a Motor Vehicle in Transport,0,No,1,Non-Junction,1,Not an Intersection,5,Outside Trafficway,0,None,2,Dark - Not Lighted,1,Clear,0,No,0000000,Not Applicable,99,Unknown,99,Unknown,99,Unknown EMS Scene Arrival Hour,99,Unknown EMS Scene Arrival Minutes,88,Not Applicable (Not Transported),88,Not Applicable (Not Transported),1
12,Florida,121218,0,0,1,1,0,1,1,69,LAKE (69),0,NOT APPLICABLE,5,May,11,11,4,Wednesday,2022,0,0:00am-0:59am,19,19,CR-561,NA,4,County Road,2,Urban,5,Major Collector,98,Not Reported,0,This section IS NOT on the NHS,0,No Special Jurisdiction,99998,Not Reported,28.52898889,28.52898889,-81.78536111,-81.78536111,43,Other Fixed Object,0,The First Harmful Event was Not a Collision with a Motor Vehicle in Transport,0,No,1,Non-Junction,1,Not an Intersection,5,Outside Trafficway,0,None,2,Dark - Not Lighted,1,Clear,0,No,0000000,Not Applicable,99,Unknown,99,Unknown,99,Unknown EMS Scene Arrival Hour,99,Unknown EMS Scene Arrival Minutes,88,Not Applicable (Not Transported),88,Not Applicable (Not Transported),1
12,Florida,121219,1,1,1,1,0,1,1,109,ST JOHNS (109),0,NOT APPLICABLE,4,April,19,19,3,Tuesday,2022,9,9:00am-9:59am,18,18,COASTAL HIGHWAY,VILANO RD,6,Local Street - Municipality,2,Urban,7,Local,98,Not Reported,0,This section IS NOT on the NHS,0,No Special Jurisdiction,99998,Not Reported,29.91676944,29.91676944,-81.29236111,-81.29236111,8,Pedestrian,0,The First Harmful Event was Not a Collision with a Motor Vehicle in Transport,0,No,3,Intersection-Related,3,T-Intersection,1,On Roadway,0,None,1,Daylight,1,Clear,0,No,0000000,Not Applicable,99,Unknown,99,Unknown,99,Unknown EMS Scene Arrival Hour,99,Unknown EMS Scene Arrival Minutes,99,Unknown,99,Unknown EMS Hospital Arrival Time,1
12,Florida,121220,0,0,1,1,0,1,1,91,OKALOOSA (91),0,NOT APPLICABLE,4,April,27,27,4,Wednesday,2022,16,4:00pm-4:59pm,30,30,CR-602,NA,4,County Road,1,Rural,7,Local,2,County Highway Agency,0,This section IS NOT on the NHS,0,No Special Jurisdiction,99998,Not Reported,30.94618889,30.94618889,-86.52931944,-86.52931944,42,Tree (Standing Only),0,The First Harmful Event was Not a Collision with a Motor Vehicle in Transport,0,No,1,Non-Junction,1,Not an Intersection,4,On Roadside,0,None,1,Daylight,1,Clear,0,No,0000000,Not Applicable,99,Unknown,99,Unknown,99,Unknown EMS Scene Arrival Hour,99,Unknown EMS Scene Arrival Minutes,99,Unknown,99,Unknown EMS Hospital Arrival Time,1
12,Florida,121221,0,0,2,2,0,2,2,57,HILLSBOROUGH (57),1919,MANGO,5,May,13,13,6,Friday,2022,20,8:00pm-8:59pm,29,29,CR-579,NA,4,County Road,2,Urban,5,Major Collector,98,Not Reported,0,This section IS NOT on the NHS,0,No Special Jurisdiction,99998,Not Reported,27.98362222,27.98362222,-82.30225833,-82.30225833,12,Motor Vehicle In-Transport,6,Angle,0,No,8,Driveway Access Related,1,Not an Intersection,1,On Roadway,0,None,5,Dusk,1,Clear,0,No,0000000,Not Applicable,99,Unknown,99,Unknown,99,Unknown EMS Scene Arrival Hour,99,Unknown EMS Scene Arrival Minutes,99,Unknown,99,Unknown EMS Hospital Arrival Time,1
12,Florida,121222,0,1,2,1,1,2,1,11,BROWARD (11),1050,FORT LAUDERDALE,3,March,29,29,3,Tuesday,2022,1,1:00am-1:59am,19,19,I-95,NA,1,Interstate,2,Urban,1,Interstate,98,Not Reported,1,This section IS ON the NHS,0,No Special Jurisdiction,99998,Not Reported,26.08903889,26.08903889,-80.16801667,-80.16801667,25,Concrete Traffic Barrier,0,The First Harmful Event was Not a Collision with a Motor Vehicle in Transport,1,Yes,5,Entrance/Exit Ramp Related,1,Not an Intersection,4,On Roadside,4,"Work Zone, Type Unknown",3,Dark - Lighted,1,Clear,0,No,0000000,Not Applicable,99,Unknown,99,Unknown,99,Unknown EMS Scene Arrival Hour,99,Unknown EMS Scene Arrival Minutes,88,Not Applicable (Not Transported),88,Not Applicable (Not Transported),1
12,Florida,121223,1,1,1,1,0,1,1,95,ORANGE (95),0,NOT APPLICABLE,4,April,29,29,6,Friday,2022,8,8:00am-8:59am,40,40,SR-551,QUAIL POND ST,3,State Highway,2,Urban,4,Minor Arterial,1,State Highway Agency,0,This section IS NOT on the NHS,0,No Special Jurisdiction,99998,Not Reported,28.50118889,28.50118889,-81.28536944,-81.28536944,8,Pedestrian,0,The First Harmful Event was Not a Collision with a Motor Vehicle in Transport,0,No,3,Intersection-Related,3,T-Intersection,1,On Roadway,0,None,1,Daylight,1,Clear,0,No,0000000,Not Applicable,99,Unknown,99,Unknown,99,Unknown EMS Scene Arrival Hour,99,Unknown EMS Scene Arrival Minutes,99,Unknown,99,Unknown EMS Hospital Arrival Time,1
12,Florida,121224,1,1,1,1,0,1,1,86,MIAMI-DADE (86),0,NOT APPLICABLE,5,May,10,10,3,Tuesday,2022,20,8:00pm-8:59pm,50,50,W  FLAGLER ST,NA,9,Unknown,2,Urban,4,Minor Arterial,98,Not Reported,0,This section IS NOT on the NHS,0,No Special Jurisdiction,99998,Not Reported,25.76964722,25.76964722,-80.33725556,-80.33725556,8,Pedestrian,0,The First Harmful Event was Not a Collision with a Motor Vehicle in Transport,0,No,1,Non-Junction,1,Not an Intersection,1,On Roadway,0,None,3,Dark - Lighted,1,Clear,0,No,0000000,Not Applicable,99,Unknown,99,Unknown,99,Unknown EMS Scene Arrival Hour,99,Unknown EMS Scene Arrival Minutes,99,Unknown,99,Unknown EMS Hospital Arrival Time,1
12,Florida,121225,0,0,2,2,0,2,2,69,LAKE (69),1820,LEESBURG,5,May,14,14,7,Saturday,2022,19,7:00pm-7:59pm,12,12,US-27,NA,2,US Highway,2,Urban,3,Principal Arterial - Other,1,State Highway Agency,1,This section IS ON the NHS,0,No Special Jurisdiction,99998,Not Reported,28.83592778,28.83592778,-81.89053889,-81.89053889,12,Motor Vehicle In-Transport,1,Front-to-Rear,0,No,1,Non-Junction,1,Not an Intersection,1,On Roadway,4,"Work Zone, Type Unknown",1,Daylight,1,Clear,0,No,0000000,Not Applicable,99,Unknown,99,Unknown,99,Unknown EMS Scene Arrival Hour,99,Unknown EMS Scene Arrival Minutes,99,Unknown,99,Unknown EMS Hospital Arrival Time,1
12,Florida,121226,0,0,2,2,0,3,3,83,MARION (83),2270,OCALA,5,May,10,10,3,Tuesday,2022,5,5:00am-5:59am,13,13,SR-492,25TH AVE,3,State Highway,2,Urban,3,Principal Arterial - Other,1,State Highway Agency,1,This section IS ON the NHS,0,No Special Jurisdiction,99998,Not Reported,29.20056944,29.20056944,-82.10331111,-82.10331111,12,Motor Vehicle In-Transport,2,Front-to-Front,0,No,2,Intersection,2,Four-Way Intersection,1,On Roadway,0,None,3,Dark - Lighted,1,Clear,0,No,0000000,Not Applicable,99,Unknown,99,Unknown,99,Unknown EMS Scene Arrival Hour,99,Unknown EMS Scene Arrival Minutes,99,Unknown,99,Unknown EMS Hospital Arrival Time,1
12,Florida,121227,1,1,1,1,0,1,1,57,HILLSBOROUGH (57),0,NOT APPLICABLE,5,May,20,20,6,Friday,2022,2,2:00am-2:59am,30,30,HARTFORD ST,NA,9,Unknown,1,Rural,7,Local,98,Not Reported,0,This section IS NOT on the NHS,0,No Special Jurisdiction,99998,Not Reported,27.91190556,27.91190556,-82.39009444,-82.39009444,9,Pedalcyclist,0,The First Harmful Event was Not a Collision with a Motor Vehicle in Transport,0,No,1,Non-Junction,1,Not an Intersection,1,On Roadway,0,None,2,Dark - Not Lighted,1,Clear,0,No,0000000,Not Applicable,99,Unknown,99,Unknown,99,Unknown EMS Scene Arrival Hour,99,Unknown EMS Scene Arrival Minutes,99,Unknown,99,Unknown EMS Hospital Arrival Time,1
12,Florida,121228,1,1,1,1,0,1,1,57,HILLSBOROUGH (57),0,NOT APPLICABLE,5,May,20,20,6,Friday,2022,5,5:00am-5:59am,43,43,US-301,NA,2,US Highway,2,Urban,3,Principal Arterial - Other,1,State Highway Agency,1,This section IS ON the NHS,0,No Special Jurisdiction,99998,Not Reported,28.016225,28.016225,-82.35307222,-82.35307222,8,Pedestrian,0,The First Harmful Event was Not a Collision with a Motor Vehicle in Transport,0,No,1,Non-Junction,1,Not an Intersection,1,On Roadway,0,None,4,Dawn,1,Clear,0,No,0000000,Not Applicable,99,Unknown,99,Unknown,99,Unknown EMS Scene Arrival Hour,99,Unknown EMS Scene Arrival Minutes,88,Not Applicable (Not Transported),88,Not Applicable (Not Transported),1
12,Florida,121229,1,1,1,1,0,1,1,1,ALACHUA (1),1130,GAINESVILLE,5,May,22,22,1,Sunday,2022,0,0:00am-0:59am,15,15,CR-329,NE 12TH AVE,4,County Road,2,Urban,4,Minor Arterial,98,Not Reported,0,This section IS NOT on the NHS,0,No Special Jurisdiction,99998,Not Reported,29.66295833,29.66295833,-82.324525,-82.324525,8,Pedestrian,0,The First Harmful Event was Not a Collision with a Motor Vehicle in Transport,0,No,2,Intersection,3,T-Intersection,1,On Roadway,0,None,3,Dark - Lighted,10,Cloudy,0,No,0000000,Not Applicable,99,Unknown,99,Unknown,99,Unknown EMS Scene Arrival Hour,99,Unknown EMS Scene Arrival Minutes,99,Unknown,99,Unknown EMS Hospital Arrival Time,1
12,Florida,121230,0,0,2,2,0,2,2,107,PUTNAM (107),0,NOT APPLICABLE,5,May,7,7,7,Saturday,2022,14,2:00pm-2:59pm,50,50,KEUKA ROAD,SAND MINE TRAIL,9,Unknown,1,Rural,7,Local,98,Not Reported,0,This section IS NOT on the NHS,0,No Special Jurisdiction,99998,Not Reported,29.59297222,29.59297222,-81.94925278,-81.94925278,12,Motor Vehicle In-Transport,2,Front-to-Front,0,No,2,Intersection,3,T-Intersection,1,On Roadway,0,None,1,Daylight,1,Clear,0,No,0000000,Not Applicable,99,Unknown,99,Unknown,99,Unknown EMS Scene Arrival Hour,99,Unknown EMS Scene Arrival Minutes,99,Unknown,99,Unknown EMS Hospital Arrival Time,1
12,Florida,121231,0,0,2,2,0,3,3,71,LEE (71),0,NOT APPLICABLE,5,May,17,17,3,Tuesday,2022,14,2:00pm-2:59pm,34,34,SR-80,RIVER HALL PKWY,3,State Highway,2,Urban,3,Principal Arterial - Other,1,State Highway Agency,1,This section IS ON the NHS,0,No Special Jurisdiction,99998,Not Reported,26.71233889,26.71233889,-81.70821944,-81.70821944,12,Motor Vehicle In-Transport,6,Angle,0,No,2,Intersection,3,T-Intersection,1,On Roadway,0,None,1,Daylight,10,Cloudy,0,No,0000000,Not Applicable,99,Unknown,99,Unknown,99,Unknown EMS Scene Arrival Hour,99,Unknown EMS Scene Arrival Minutes,88,Not Applicable (Not Transported),88,Not Applicable (Not Transported),2
12,Florida,121232,0,0,2,2,0,2,2,19,CLAY (19),0,NOT APPLICABLE,5,May,20,20,6,Friday,2022,17,5:00pm-5:59pm,8,8,US-17,NA,2,US Highway,2,Urban,3,Principal Arterial - Other,1,State Highway Agency,1,This section IS ON the NHS,0,No Special Jurisdiction,99998,Not Reported,30.11466111,30.11466111,-81.70483056,-81.70483056,12,Motor Vehicle In-Transport,2,Front-to-Front,0,No,1,Non-Junction,1,Not an Intersection,1,On Roadway,0,None,1,Daylight,1,Clear,0,No,0000000,Not Applicable,99,Unknown,99,Unknown,99,Unknown EMS Scene Arrival Hour,99,Unknown EMS Scene Arrival Minutes,88,Not Applicable (Not Transported),88,Not Applicable (Not Transported),2
12,Florida,121233,0,0,2,2,0,2,2,109,ST JOHNS (109),0,NOT APPLICABLE,5,May,16,16,2,Monday,2022,1,1:00am-1:59am,7,7,I-95 ENTRANCE RAMP,NA,1,Interstate,2,Urban,1,Interstate,1,State Highway Agency,1,This section IS ON the NHS,0,No Special Jurisdiction,99998,Not Reported,29.82885,29.82885,-81.38066944,-81.38066944,12,Motor Vehicle In-Transport,1,Front-to-Rear,1,Yes,5,Entrance/Exit Ramp Related,1,Not an Intersection,1,On Roadway,0,None,2,Dark - Not Lighted,1,Clear,0,No,0000000,Not Applicable,1,1:00am-1:59am,99,Unknown,1,1:00am-1:59am,99,Unknown EMS Scene Arrival Minutes,88,Not Applicable (Not Transported),88,Not Applicable (Not Transported),1
12,Florida,121234,1,1,1,1,0,1,1,97,OSCEOLA (97),0,NOT APPLICABLE,5,May,13,13,6,Friday,2022,5,5:00am-5:59am,36,36,SR-535,NA,3,State Highway,2,Urban,4,Minor Arterial,1,State Highway Agency,0,This section IS NOT on the NHS,0,No Special Jurisdiction,99998,Not Reported,28.33613611,28.33613611,-81.47961111,-81.47961111,8,Pedestrian,0,The First Harmful Event was Not a Collision with a Motor Vehicle in Transport,0,No,1,Non-Junction,1,Not an Intersection,1,On Roadway,0,None,4,Dawn,1,Clear,0,No,0000000,Not Applicable,99,Unknown,99,Unknown,99,Unknown EMS Scene Arrival Hour,99,Unknown EMS Scene Arrival Minutes,99,Unknown,99,Unknown EMS Hospital Arrival Time,1
12,Florida,121235,0,0,2,2,0,3,3,37,FRANKLIN (37),0,NOT APPLICABLE,5,May,6,6,6,Friday,2022,10,10:00am-10:59am,54,54,US-98,NA,2,US Highway,1,Rural,3,Principal Arterial - Other,1,State Highway Agency,1,This section IS ON the NHS,0,No Special Jurisdiction,99998,Not Reported,29.76811389,29.76811389,-84.80418889,-84.80418889,12,Motor Vehicle In-Transport,2,Front-to-Front,0,No,1,Non-Junction,1,Not an Intersection,1,On Roadway,0,None,1,Daylight,10,Cloudy,0,No,0000000,Not Applicable,99,Unknown,99,Unknown,99,Unknown EMS Scene Arrival Hour,99,Unknown EMS Scene Arrival Minutes,99,Unknown,99,Unknown EMS Hospital Arrival Time,1
12,Florida,121236,0,0,3,3,0,3,3,105,POLK (105),0,NOT APPLICABLE,5,May,14,14,7,Saturday,2022,10,10:00am-10:59am,27,27,COUNTRY CLUB RD,NA,8,Other,2,Urban,7,Local,2,County Highway Agency,0,This section IS NOT on the NHS,0,No Special Jurisdiction,99998,Not Reported,28.133625,28.133625,-81.45835,-81.45835,12,Motor Vehicle In-Transport,7,Sideswipe - Same Direction,0,No,1,Non-Junction,1,Not an Intersection,1,On Roadway,0,None,1,Daylight,1,Clear,0,No,0000000,Not Applicable,99,Unknown,99,Unknown,99,Unknown EMS Scene Arrival Hour,99,Unknown EMS Scene Arrival Minutes,88,Not Applicable (Not Transported),88,Not Applicable (Not Transported),1
12,Florida,121237,0,0,2,2,0,2,2,95,ORANGE (95),2360,ORLANDO,5,May,17,17,3,Tuesday,2022,14,2:00pm-2:59pm,33,33,SR-423,SHADER ROAD,3,State Highway,2,Urban,3,Principal Arterial - Other,1,State Highway Agency,0,This section IS NOT on the NHS,0,No Special Jurisdiction,99998,Not Reported,28.58544444,28.58544444,-81.41657222,-81.41657222,12,Motor Vehicle In-Transport,6,Angle,1,Yes,2,Intersection,2,Four-Way Intersection,1,On Roadway,0,None,1,Daylight,1,Clear,0,No,0000000,Not Applicable,99,Unknown,99,Unknown,99,Unknown EMS Scene Arrival Hour,99,Unknown EMS Scene Arrival Minutes,99,Unknown,99,Unknown EMS Hospital Arrival Time,1
12,Florida,121238,0,0,2,2,0,8,8,93,OKEECHOBEE (93),0,NOT APPLICABLE,4,April,28,28,5,Thursday,2022,5,5:00am-5:59am,13,13,US-441,NA,2,US Highway,1,Rural,3,Principal Arterial - Other,1,State Highway Agency,1,This section IS ON the NHS,0,No Special Jurisdiction,99998,Not Reported,27.41226944,27.41226944,-80.81387778,-80.81387778,12,Motor Vehicle In-Transport,6,Angle,0,No,1,Non-Junction,1,Not an Intersection,1,On Roadway,0,None,2,Dark - Not Lighted,5,"Fog, Smog, Smoke",0,No,0000000,Not Applicable,99,Unknown,99,Unknown,99,Unknown EMS Scene Arrival Hour,99,Unknown EMS Scene Arrival Minutes,99,Unknown,99,Unknown EMS Hospital Arrival Time,1
12,Florida,121239,0,0,1,1,0,3,3,97,OSCEOLA (97),0,NOT APPLICABLE,4,April,20,20,4,Wednesday,2022,0,0:00am-0:59am,33,33,SR-91,NA,3,State Highway,1,Rural,2,Principal Arterial - Other Freeways and Expressways,1,State Highway Agency,1,This section IS ON the NHS,0,No Special Jurisdiction,99998,Not Reported,27.7191,27.7191,-80.90333056,-80.90333056,1,Rollover/Overturn,0,The First Harmful Event was Not a Collision with a Motor Vehicle in Transport,0,No,1,Non-Junction,1,Not an Intersection,4,On Roadside,0,None,2,Dark - Not Lighted,1,Clear,0,No,0000000,Not Applicable,99,Unknown,99,Unknown,99,Unknown EMS Scene Arrival Hour,99,Unknown EMS Scene Arrival Minutes,99,Unknown,99,Unknown EMS Hospital Arrival Time,2
12,Florida,121240,0,0,1,1,0,1,1,109,ST JOHNS (109),0,NOT APPLICABLE,4,April,28,28,5,Thursday,2022,1,1:00am-1:59am,47,47,SHORES BLVD,NA,6,Local Street - Municipality,2,Urban,7,Local,98,Not Reported,0,This section IS NOT on the NHS,0,No Special Jurisdiction,99998,Not Reported,29.81825,29.81825,-81.3055,-81.3055,30,Utility Pole/Light Support,0,The First Harmful Event was Not a Collision with a Motor Vehicle in Transport,0,No,1,Non-Junction,1,Not an Intersection,4,On Roadside,0,None,3,Dark - Lighted,1,Clear,0,No,0000000,Not Applicable,99,Unknown,99,Unknown,99,Unknown EMS Scene Arrival Hour,99,Unknown EMS Scene Arrival Minutes,99,Unknown,99,Unknown EMS Hospital Arrival Time,1
12,Florida,121241,0,0,1,1,0,3,3,111,ST LUCIE (111),2601,PORT SAINT LUCIE,4,April,26,26,3,Tuesday,2022,23,11:00pm-11:59pm,7,7,SE FLORIDIAN DR,NA,6,Local Street - Municipality,2,Urban,7,Local,98,Not Reported,0,This section IS NOT on the NHS,0,No Special Jurisdiction,99998,Not Reported,27.20837778,27.20837778,-80.28814444,-80.28814444,5,Fell/Jumped from Vehicle,0,The First Harmful Event was Not a Collision with a Motor Vehicle in Transport,0,No,1,Non-Junction,1,Not an Intersection,1,On Roadway,0,None,3,Dark - Lighted,1,Clear,0,No,0000000,Not Applicable,99,Unknown,99,Unknown,99,Unknown EMS Scene Arrival Hour,99,Unknown EMS Scene Arrival Minutes,99,Unknown,99,Unknown EMS Hospital Arrival Time,1
12,Florida,121242,1,1,1,1,0,1,1,11,BROWARD (11),1050,FORT LAUDERDALE,5,May,18,18,4,Wednesday,2022,0,0:00am-0:59am,16,16,SR-838,NA,3,State Highway,2,Urban,3,Principal Arterial - Other,1,State Highway Agency,1,This section IS ON the NHS,0,No Special Jurisdiction,99998,Not Reported,26.13675,26.13675,-80.14906944,-80.14906944,8,Pedestrian,0,The First Harmful Event was Not a Collision with a Motor Vehicle in Transport,0,No,1,Non-Junction,1,Not an Intersection,1,On Roadway,0,None,3,Dark - Lighted,1,Clear,0,No,0000000,Not Applicable,99,Unknown,99,Unknown,99,Unknown EMS Scene Arrival Hour,99,Unknown EMS Scene Arrival Minutes,88,Not Applicable (Not Transported),88,Not Applicable (Not Transported),1
12,Florida,121243,0,0,1,1,0,4,4,11,BROWARD (11),760,DANIA BEACH,5,May,8,8,1,Sunday,2022,6,6:00am-6:59am,20,20,I-95,NA,1,Interstate,2,Urban,1,Interstate,1,State Highway Agency,1,This section IS ON the NHS,0,No Special Jurisdiction,99998,Not Reported,26.07984444,26.07984444,-80.16903056,-80.16903056,25,Concrete Traffic Barrier,0,The First Harmful Event was Not a Collision with a Motor Vehicle in Transport,0,No,1,Non-Junction,1,Not an Intersection,3,On Median,4,"Work Zone, Type Unknown",3,Dark - Lighted,10,Cloudy,0,No,0000000,Not Applicable,99,Unknown,99,Unknown,99,Unknown EMS Scene Arrival Hour,99,Unknown EMS Scene Arrival Minutes,99,Unknown,99,Unknown EMS Hospital Arrival Time,2
12,Florida,121244,0,0,11,1,10,2,2,86,MIAMI-DADE (86),0,NOT APPLICABLE,4,April,10,10,1,Sunday,2022,4,4:00am-4:59am,55,55,SR-976,NA,3,State Highway,2,Urban,3,Principal Arterial - Other,1,State Highway Agency,1,This section IS ON the NHS,0,No Special Jurisdiction,99998,Not Reported,25.73328056,25.73328056,-80.30385833,-80.30385833,33,Curb,0,The First Harmful Event was Not a Collision with a Motor Vehicle in Transport,0,No,1,Non-Junction,1,Not an Intersection,4,On Roadside,0,None,4,Dawn,1,Clear,0,No,0000000,Not Applicable,99,Unknown,99,Unknown,99,Unknown EMS Scene Arrival Hour,99,Unknown EMS Scene Arrival Minutes,99,Unknown,99,Unknown EMS Hospital Arrival Time,1
12,Florida,121245,0,0,2,2,0,6,6,97,OSCEOLA (97),0,NOT APPLICABLE,3,March,21,21,2,Monday,2022,11,11:00am-11:59am,1,1,US-192,ARTHUR J GALLAGH BLVD,2,US Highway,1,Rural,3,Principal Arterial - Other,1,State Highway Agency,1,This section IS ON the NHS,0,No Special Jurisdiction,99998,Not Reported,28.19193056,28.19193056,-81.15451944,-81.15451944,12,Motor Vehicle In-Transport,6,Angle,1,Yes,2,Intersection,3,T-Intersection,1,On Roadway,0,None,1,Daylight,1,Clear,0,No,0000000,Not Applicable,99,Unknown,99,Unknown,99,Unknown EMS Scene Arrival Hour,99,Unknown EMS Scene Arrival Minutes,99,Unknown,99,Unknown EMS Hospital Arrival Time,1
12,Florida,121246,0,0,1,1,0,3,3,119,SUMTER (119),3230,WILDWOOD,5,May,7,7,7,Saturday,2022,18,6:00pm-6:59pm,23,23,SR-91,NA,3,State Highway,1,Rural,2,Principal Arterial - Other Freeways and Expressways,1,State Highway Agency,1,This section IS ON the NHS,0,No Special Jurisdiction,99998,Not Reported,28.84881389,28.84881389,-82.08098333,-82.08098333,24,Guardrail Face,0,The First Harmful Event was Not a Collision with a Motor Vehicle in Transport,0,No,1,Non-Junction,1,Not an Intersection,3,On Median,0,None,1,Daylight,1,Clear,0,No,0000000,Not Applicable,99,Unknown,99,Unknown,99,Unknown EMS Scene Arrival Hour,99,Unknown EMS Scene Arrival Minutes,99,Unknown,99,Unknown EMS Hospital Arrival Time,1
12,Florida,121247,0,0,2,2,0,4,4,86,MIAMI-DADE (86),0,NOT APPLICABLE,3,March,27,27,1,Sunday,2022,11,11:00am-11:59am,30,30,US-27,NW 117TH AVE,2,US Highway,1,Rural,3,Principal Arterial - Other,1,State Highway Agency,1,This section IS ON the NHS,0,No Special Jurisdiction,99998,Not Reported,25.9039,25.9039,-80.38894167,-80.38894167,12,Motor Vehicle In-Transport,6,Angle,1,Yes,2,Intersection,3,T-Intersection,1,On Roadway,0,None,1,Daylight,1,Clear,0,No,0000000,Not Applicable,99,Unknown,99,Unknown,99,Unknown EMS Scene Arrival Hour,99,Unknown EMS Scene Arrival Minutes,99,Unknown,99,Unknown EMS Hospital Arrival Time,1
12,Florida,121248,0,0,2,2,0,3,3,19,CLAY (19),0,NOT APPLICABLE,5,May,20,20,6,Friday,2022,17,5:00pm-5:59pm,10,10,US-17,NA,2,US Highway,2,Urban,3,Principal Arterial - Other,1,State Highway Agency,1,This section IS ON the NHS,0,No Special Jurisdiction,99998,Not Reported,30.11116667,30.11116667,-81.70503889,-81.70503889,12,Motor Vehicle In-Transport,6,Angle,0,No,8,Driveway Access Related,1,Not an Intersection,1,On Roadway,0,None,1,Daylight,1,Clear,0,No,0000000,Not Applicable,99,Unknown,99,Unknown,99,Unknown EMS Scene Arrival Hour,99,Unknown EMS Scene Arrival Minutes,99,Unknown,99,Unknown EMS Hospital Arrival Time,1