STATE,STATENAME,ST_CASE,PEDS,PERNOTMVIT,VE_TOTAL,VE_FORMS,PVH_INVL,PERSONS,PERMVIT,COUNTY,COUNTYNAME,CITY,CITYNAME,MONTH,MONTHNAME,DAY,DAYNAME,DAY_WEEK,DAY_WEEKNAME,YEAR,HOUR,HOURNAME,MINUTE,MINUTENAME,TWAY_ID,TWAY_ID2,ROUTE,ROUTENAME,RUR_URB,RUR_URBNAME,FUNC_SYS,FUNC_SYSNAME,RD_OWNER,RD_OWNERNAME,NHS,NHSNAME,SP_JUR,SP_JURNAME,MILEPT,MILEPTNAME,LATITUDE,LATITUDENAME,LONGITUD,LONGITUDNAME,HARM_EV,HARM_EVNAME,MAN_COLL,MAN_COLLNAME,RELJCT1,RELJCT1NAME,RELJCT2,RELJCT2NAME,TYP_INT,TYP_INTNAME,REL_ROAD,REL_ROADNAME,WRK_ZONE,WRK_ZONENAME,LGT_COND,LGT_CONDNAME,WEATHER,WEATHERNAME,SCH_BUS,SCH_BUSNAME,RAIL,RAILNAME,NOT_HOUR,NOT_HOURNAME,NOT_MIN,NOT_MINNAME,ARR_HOUR,ARR_HOURNAME,ARR_MIN,ARR_MINNAME,HOSP_HR,HOSP_HRNAME,HOSP_MN,HOSP_MNNAME,FATALS
12,Florida,121475,2,2,4,3,1,4,4,19,CLAY (19),2056,MIDDLEBURG,6,June,6,6,2,Monday,2022,11,11:00am-11:59am,3,3,SR-21,S PERIWINKLE AVE,3,State Highway,2,Urban,3,Principal Arterial - Other,1,State Highway Agency,1,This section IS ON the NHS,0,No Special Jurisdiction,99998,Not Reported,30.0383,30.0383,-81.89678056,-81.89678056,12,Motor Vehicle In-Transport,1,Front-to-Rear,0,No,2,Intersection,3,T-Intersection,1,On Roadway,0,None,1,Daylight,10,Cloudy,0,No,0000000,Not Applicable,99,Unknown,99,Unknown,99,Unknown EMS Scene Arrival Hour,99,Unknown EMS Scene Arrival Minutes,99,Unknown,99,Unknown EMS Hospital Arrival Time,2
12,Florida,121476,0,0,2,2,0,5,5,109,ST JOHNS (109),0,NOT APPLICABLE,6,June,4,4,7,Saturday,2022,22,10:00pm-10:59pm,22,22,SR-A1A,SR-312,3,State Highway,2,Urban,4,Minor Arterial,1,State Highway Agency,0,This section IS NOT on the NHS,0,No Special Jurisdiction,99998,Not Reported,29.86095,29.86095,-81.28146111,-81.28146111,12,Motor Vehicle In-Transport,2,Front-to-Front,0,No,2,Intersection,2,Four-Way Intersection,1,On Roadway,0,None,3,Dark - Lighted,1,Clear,0,No,0000000,Not Applicable,99,Unknown,99,Unknown,99,Unknown EMS Scene Arrival Hour,99,Unknown EMS Scene Arrival Minutes,99,Unknown,99,Unknown EMS Hospital Arrival Time,1
12,Florida,121477,0,0,2,2,0,2,2,31,DUVAL (31),1510,JACKSONVILLE,5,May,16,16,2,Monday,2022,20,8:00pm-8:59pm,35,35,US-1,SR-104,2,US Highway,2,Urban,3,Principal Arterial - Other,1,State Highway Agency,1,This section IS ON the NHS,0,No Special Jurisdiction,99998,Not Reported,30.43623056,30.43623056,-81.76238056,-81.76238056,12,Motor Vehicle In-Transport,6,Angle,0,No,2,Intersection,3,T-Intersection,1,On Roadway,0,None,3,Dark - Lighted,1,Clear,0,No,0000000,Not Applicable,99,Unknown,99,Unknown,99,Unknown EMS Scene Arrival Hour,99,Unknown EMS Scene Arrival Minutes,99,Unknown,99,Unknown EMS Hospital Arrival Time,1
12,Florida,121478,0,0,2,2,0,2,2,11,BROWARD (11),2541,PLANTATION,5,May,13,13,6,Friday,2022,22,10:00pm-10:59pm,45,45,W SUNRISE BLVD,NW 16TH ST,5,Local Street - Township,2,Urban,3,Principal Arterial - Other,1,State Highway Agency,1,This section IS ON the NHS,0,No Special Jurisdiction,99998,Not Reported,26.1447,26.1447,-80.23931389,-80.23931389,12,Motor Vehicle In-Transport,6,Angle,0,No,2,Intersection,2,Four-Way Intersection,1,On Roadway,0,None,3,Dark - Lighted,1,Clear,0,No,0000000,Not Applicable,99,Unknown,99,Unknown,99,Unknown EMS Scene Arrival Hour,99,Unknown EMS Scene Arrival Minutes,88,Not Applicable (Not Transported),88,Not Applicable (Not Transported),1
12,Florida,121479,0,0,1,1,0,1,1,5,BAY (5),2450,PANAMA CITY,6,June,11,11,7,Saturday,2022,22,10:00pm-10:59pm,59,59,11TH ST,NA,6,Local Street - Municipality,2,Urban,5,Major Collector,98,Not Reported,0,This section IS NOT on the NHS,0,No Special Jurisdiction,99998,Not Reported,30.16811389,30.16811389,-85.70073889,-85.70073889,19,Building,0,The First Harmful Event was Not a Collision with a Motor Vehicle in Transport,0,No,1,Non-Junction,1,Not an Intersection,5,Outside Trafficway,0,None,3,Dark - Lighted,1,Clear,0,No,0000000,Not Applicable,99,Unknown,99,Unknown,99,Unknown EMS Scene Arrival Hour,99,Unknown EMS Scene Arrival Minutes,99,Unknown,99,Unknown EMS Hospital Arrival Time,1
12,Florida,121480,0,0,1,1,0,1,1,57,HILLSBOROUGH (57),2950,TAMPA,6,June,14,14,3,Tuesday,2022,0,0:00am-0:59am,50,50,INDEPENDENCE PKWY RAMP,NA,8,Other,2,Urban,3,Principal Arterial - Other,98,Not Reported,0,This section IS NOT on the NHS,0,No Special Jurisdiction,99998,Not Reported,27.976425,27.976425,-82.54672778,-82.54672778,24,Guardrail Face,0,The First Harmful Event was Not a Collision with a Motor Vehicle in Transport,1,Yes,5,Entrance/Exit Ramp Related,1,Not an Intersection,4,On Roadside,0,None,3,Dark - Lighted,1,Clear,0,No,0000000,Not Applicable,99,Unknown,99,Unknown,99,Unknown EMS Scene Arrival Hour,99,Unknown EMS Scene Arrival Minutes,99,Unknown,99,Unknown EMS Hospital Arrival Time,1
12,Florida,121481,0,0,1,1,0,1,1,31,DUVAL (31),1510,JACKSONVILLE,6,June,12,12,1,Sunday,2022,7,7:00am-7:59am,22,22,I-10,NA,1,Interstate,2,Urban,1,Interstate,1,State Highway Agency,1,This section IS ON the NHS,0,No Special Jurisdiction,99998,Not Reported,30.29493889,30.29493889,-81.94724722,-81.94724722,42,Tree (Standing Only),0,The First Harmful Event was Not a Collision with a Motor Vehicle in Transport,0,No,1,Non-Junction,1,Not an Intersection,6,Off Roadway-Location Unknown,0,None,1,Daylight,1,Clear,0,No,0000000,Not Applicable,99,Unknown,99,Unknown,99,Unknown EMS Scene Arrival Hour,99,Unknown EMS Scene Arrival Minutes,88,Not Applicable (Not Transported),88,Not Applicable (Not Transported),1
12,Florida,121482,0,0,2,2,0,7,7,71,LEE (71),1070,FORT MYERS,6,June,13,13,2,Monday,2022,15,3:00pm-3:59pm,16,16,FORD ST,WINKLER AVE,6,Local Street - Municipality,2,Urban,5,Major Collector,98,Not Reported,0,This section IS NOT on the NHS,0,No Special Jurisdiction,99998,Not Reported,26.60459722,26.60459722,-81.84645278,-81.84645278,12,Motor Vehicle In-Transport,6,Angle,0,No,2,Intersection,3,T-Intersection,1,On Roadway,0,None,1,Daylight,1,Clear,0,No,0000000,Not Applicable,99,Unknown,99,Unknown,99,Unknown EMS Scene Arrival Hour,99,Unknown EMS Scene Arrival Minutes,99,Unknown,99,Unknown EMS Hospital Arrival Time,1
12,Florida,121483,0,0,2,2,0,3,3,83,MARION (83),2270,OCALA,6,June,6,6,2,Monday,2022,6,6:00am-6:59am,48,48,US-27,SR-464,2,US Highway,2,Urban,3,Principal Arterial - Other,1,State Highway Agency,1,This section IS ON the NHS,0,No Special Jurisdiction,99998,Not Reported,29.17162778,29.17162778,-82.14023056,-82.14023056,12,Motor Vehicle In-Transport,6,Angle,0,No,2,Intersection,2,Four-Way Intersection,1,On Roadway,0,None,4,Dawn,10,Cloudy,0,No,0000000,Not Applicable,99,Unknown,99,Unknown,99,Unknown EMS Scene Arrival Hour,99,Unknown EMS Scene Arrival Minutes,88,Not Applicable (Not Transported),88,Not Applicable (Not Transported),1
12,Florida,121484,0,0,2,2,0,2,2,11,BROWARD (11),771,DAVIE,6,June,15,15,4,Wednesday,2022,7,7:00am-7:59am,20,20,SR-823,20TH ST,3,State Highway,2,Urban,3,Principal Arterial - Other,1,State Highway Agency,1,This section IS ON the NHS,0,No Special Jurisdiction,99998,Not Reported,26.09494167,26.09494167,-80.31373333,-80.31373333,12,Motor Vehicle In-Transport,6,Angle,0,No,2,Intersection,3,T-Intersection,1,On Roadway,0,None,1,Daylight,1,Clear,0,No,0000000,Not Applicable,99,Unknown,99,Unknown,99,Unknown EMS Scene Arrival Hour,99,Unknown EMS Scene Arrival Minutes,88,Not Applicable (Not Transported),88,Not Applicable (Not Transported),1
12,Florida,121485,0,0,1,1,0,2,2,86,MIAMI-DADE (86),2010,MIAMI,6,June,10,10,6,Friday,2022,1,1:00am-1:59am,10,10,SR-934,NA,3,State Highway,2,Urban,3,Principal Arterial - Other,1,State Highway Agency,1,This section IS ON the NHS,0,No Special Jurisdiction,99998,Not Reported,25.84979444,25.84979444,-80.19446944,-80.19446944,38,Fence,0,The First Harmful Event was Not a Collision with a Motor Vehicle in Transport,0,No,1,Non-Junction,1,Not an Intersection,6,Off Roadway-Location Unknown,0,None,3,Dark - Lighted,1,Clear,0,No,0000000,Not Applicable,99,Unknown,99,Unknown,99,Unknown EMS Scene Arrival Hour,99,Unknown EMS Scene Arrival Minutes,99,Unknown,99,Unknown EMS Hospital Arrival Time,1
12,Florida,121486,3,3,2,2,0,2,2,11,BROWARD (11),1280,HALLANDALE BEACH,6,June,12,12,1,Sunday,2022,1,1:00am-1:59am,5,5,SR-858,NA,3,State Highway,2,Urban,3,Principal Arterial - Other,1,State Highway Agency,1,This section IS ON the NHS,0,No Special Jurisdiction,99998,Not Reported,25.98580556,25.98580556,-80.14060278,-80.14060278,12,Motor Vehicle In-Transport,1,Front-to-Rear,0,No,1,Non-Junction,1,Not an Intersection,1,On Roadway,0,None,3,Dark - Lighted,1,Clear,0,No,0000000,Not Applicable,99,Unknown,99,Unknown,99,Unknown EMS Scene Arrival Hour,99,Unknown EMS Scene Arrival Minutes,99,Unknown,99,Unknown EMS Hospital Arrival Time,2
12,Florida,121488,0,0,2,2,0,3,3,103,PINELLAS (103),860,DUNEDIN,6,June,8,8,4,Wednesday,2022,17,5:00pm-5:59pm,46,46,CR-1,MICHIGAN BLVD,4,County Road,2,Urban,4,Minor Arterial,98,Not Reported,0,This section IS NOT on the NHS,0,No Special Jurisdiction,99998,Not Reported,28.03776389,28.03776389,-82.76067222,-82.76067222,12,Motor Vehicle In-Transport,6,Angle,0,No,2,Intersection,2,Four-Way Intersection,1,On Roadway,0,None,1,Daylight,10,Cloudy,0,No,0000000,Not Applicable,99,Unknown,99,Unknown,99,Unknown EMS Scene Arrival Hour,99,Unknown EMS Scene Arrival Minutes,88,Not Applicable (Not Transported),88,Not Applicable (Not Transported),1
12,Florida,121489,0,0,2,2,0,3,3,86,MIAMI-DADE (86),1340,HIALEAH,6,June,14,14,3,Tuesday,2022,14,2:00pm-2:59pm,50,50,WEST 8TH AVENUE,NA,6,Local Street - Municipality,2,Urban,5,Major Collector,98,Not Reported,0,This section IS NOT on the NHS,0,No Special Jurisdiction,99998,Not Reported,25.86721667,25.86721667,-80.29883611,-80.29883611,12,Motor Vehicle In-Transport,6,Angle,0,No,8,Driveway Access Related,1,Not an Intersection,1,On Roadway,0,None,1,Daylight,1,Clear,0,No,0000000,Not Applicable,99,Unknown,99,Unknown,99,Unknown EMS Scene Arrival Hour,99,Unknown EMS Scene Arrival Minutes,99,Unknown,99,Unknown EMS Hospital Arrival Time,1
12,Florida,121490,1,1,1,1,0,1,1,9,BREVARD (9),2005,MERRITT ISLAND,6,June,3,3,6,Friday,2022,21,9:00pm-9:59pm,36,36,SR-520 MERRIT ISLAND CSWY,NA,3,State Highway,2,Urban,3,Principal Arterial - Other,1,State Highway Agency,1,This section IS ON the NHS,0,No Special Jurisdiction,99998,Not Reported,28.3565,28.3565,-80.71221667,-80.71221667,9,Pedalcyclist,0,The First Harmful Event was Not a Collision with a Motor Vehicle in Transport,0,No,1,Non-Junction,1,Not an Intersection,2,On Shoulder,0,None,2,Dark - Not Lighted,2,Rain,0,No,0000000,Not Applicable,99,Unknown,99,Unknown,99,Unknown EMS Scene Arrival Hour,99,Unknown EMS Scene Arrival Minutes,88,Not Applicable (Not Transported),88,Not Applicable (Not Transported),1
12,Florida,121491,0,0,2,2,0,4,4,99,PALM BEACH (99),2446,PALM SPRINGS,5,May,24,24,3,Tuesday,2022,21,9:00pm-9:59pm,25,25,SR-882,PRAIRIE RD,3,State Highway,2,Urban,3,Principal Arterial - Other,1,State Highway Agency,1,This section IS ON the NHS,0,No Special Jurisdiction,99998,Not Reported,26.65075278,26.65075278,-80.08403056,-80.08403056,12,Motor Vehicle In-Transport,6,Angle,1,Yes,2,Intersection,2,Four-Way Intersection,1,On Roadway,0,None,3,Dark - Lighted,1,Clear,0,No,0000000,Not Applicable,99,Unknown,99,Unknown,99,Unknown EMS Scene Arrival Hour,99,Unknown EMS Scene Arrival Minutes,99,Unknown,99,Unknown EMS Hospital Arrival Time,1
12,Florida,121492,0,0,1,1,0,1,1,95,ORANGE (95),2360,ORLANDO,6,June,11,11,7,Saturday,2022,1,1:00am-1:59am,25,25,MICHIGAN ST,NA,6,Local Street - Municipality,2,Urban,5,Major Collector,98,Not Reported,0,This section IS NOT on the NHS,0,No Special Jurisdiction,99998,Not Reported,28.51560278,28.51560278,-81.321075,-81.321075,42,Tree (Standing Only),0,The First Harmful Event was Not a Collision with a Motor Vehicle in Transport,0,No,1,Non-Junction,1,Not an Intersection,3,On Median,0,None,3,Dark - Lighted,1,Clear,0,No,0000000,Not Applicable,99,Unknown,99,Unknown,99,Unknown EMS Scene Arrival Hour,99,Unknown EMS Scene Arrival Minutes,88,Not Applicable (Not Transported),88,Not Applicable (Not Transported),1
12,Florida,121493,1,1,2,2,0,4,4,86,MIAMI-DADE (86),0,NOT APPLICABLE,5,May,28,28,7,Saturday,2022,2,2:00am-2:59am,17,17,I-95,NA,1,Interstate,2,Urban,1,Interstate,1,State Highway Agency,1,This section IS ON the NHS,0,No Special Jurisdiction,99998,Not Reported,25.91311111,25.91311111,-80.20995,-80.20995,8,Pedestrian,0,The First Harmful Event was Not a Collision with a Motor Vehicle in Transport,0,No,1,Non-Junction,1,Not an Intersection,1,On Roadway,0,None,3,Dark - Lighted,1,Clear,0,No,0000000,Not Applicable,99,Unknown,99,Unknown,99,Unknown EMS Scene Arrival Hour,99,Unknown EMS Scene Arrival Minutes,88,Not Applicable (Not Transported),88,Not Applicable (Not Transported),1
12,Florida,121494,1,1,1,1,0,1,1,95,ORANGE (95),0,NOT APPLICABLE,6,June,4,4,7,Saturday,2022,0,0:00am-0:59am,30,30,US-441,NA,2,US Highway,2,Urban,3,Principal Arterial - Other,1,State Highway Agency,1,This section IS ON the NHS,0,No Special Jurisdiction,99998,Not Reported,28.44202222,28.44202222,-81.40306389,-81.40306389,8,Pedestrian,0,The First Harmful Event was Not a Collision with a Motor Vehicle in Transport,0,No,1,Non-Junction,1,Not an Intersection,1,On Roadway,0,None,3,Dark - Lighted,10,Cloudy,0,No,0000000,Not Applicable,99,Unknown,99,Unknown,99,Unknown EMS Scene Arrival Hour,99,Unknown EMS Scene Arrival Minutes,99,Unknown,99,Unknown EMS Hospital Arrival Time,1
12,Florida,121495,0,0,2,2,0,10,10,95,ORANGE (95),0,NOT APPLICABLE,6,June,4,4,7,Saturday,2022,5,5:00am-5:59am,0,0,SR-520,NA,3,State Highway,1,Rural,3,Principal Arterial - Other,1,State Highway Agency,1,This section IS ON the NHS,0,No Special Jurisdiction,99998,Not Reported,28.37435556,28.37435556,-80.90430556,-80.90430556,12,Motor Vehicle In-Transport,6,Angle,0,No,1,Non-Junction,1,Not an Intersection,1,On Roadway,0,None,2,Dark - Not Lighted,2,Rain,0,No,0000000,Not Applicable,5,5:00am-5:59am,99,Unknown,5,5:00am-5:59am,99,Unknown EMS Scene Arrival Minutes,99,Unknown,99,Unknown EMS Hospital Arrival Time,1
12,Florida,121497,0,0,2,2,0,2,2,69,LAKE (69),960,EUSTIS,5,May,23,23,2,Monday,2022,0,0:00am-0:59am,9,9,N BAY ST,W GOTTSCHE AVE,6,Local Street - Municipality,2,Urban,4,Minor Arterial,1,State Highway Agency,0,This section IS NOT on the NHS,0,No Special Jurisdiction,99998,Not Reported,28.85635278,28.85635278,-81.68567222,-81.68567222,12,Motor Vehicle In-Transport,6,Angle,0,No,2,Intersection,2,Four-Way Intersection,1,On Roadway,0,None,3,Dark - Lighted,1,Clear,0,No,0000000,Not Applicable,99,Unknown,99,Unknown,99,Unknown EMS Scene Arrival Hour,99,Unknown EMS Scene Arrival Minutes,99,Unknown,99,Unknown EMS Hospital Arrival Time,1
12,Florida,121498,0,0,3,2,1,3,3,95,ORANGE (95),0,NOT APPLICABLE,5,May,7,7,7,Saturday,2022,18,6:00pm-6:59pm,51,51,SR-438,N POWERS DRIVE,3,State Highway,2,Urban,4,Minor Arterial,1,State Highway Agency,0,This section IS NOT on the NHS,0,No Special Jurisdiction,99998,Not Reported,28.57763056,28.57763056,-81.46776111,-81.46776111,12,Motor Vehicle In-Transport,6,Angle,0,No,2,Intersection,2,Four-Way Intersection,1,On Roadway,0,None,1,Daylight,1,Clear,0,No,0000000,Not Applicable,99,Unknown,99,Unknown,99,Unknown EMS Scene Arrival Hour,99,Unknown EMS Scene Arrival Minutes,99,Unknown,99,Unknown EMS Hospital Arrival Time,1
12,Florida,121499,0,0,1,1,0,1,1,86,MIAMI-DADE (86),0,NOT APPLICABLE,5,May,13,13,6,Friday,2022,22,10:00pm-10:59pm,20,20,65TH AVE,7TH ST,8,Other,2,Urban,4,Minor Arterial,98,Not Reported,0,This section IS NOT on the NHS,0,No Special Jurisdiction,99998,Not Reported,25.77779722,25.77779722,-80.30140278,-80.30140278,5,Fell/Jumped from Vehicle,0,The First Harmful Event was Not a Collision with a Motor Vehicle in Transport,0,No,2,Intersection,3,T-Intersection,1,On Roadway,0,None,3,Dark - Lighted,8,Other,0,No,0000000,Not Applicable,99,Unknown,99,Unknown,99,Unknown EMS Scene Arrival Hour,99,Unknown EMS Scene Arrival Minutes,99,Unknown,99,Unknown EMS Hospital Arrival Time,1
12,Florida,121500,0,0,1,1,0,1,1,9,BREVARD (9),2670,ROCKLEDGE,6,June,4,4,7,Saturday,2022,6,6:00am-6:59am,20,20,I-95,NA,1,Interstate,2,Urban,1,Interstate,1,State Highway Agency,1,This section IS ON the NHS,0,No Special Jurisdiction,99998,Not Reported,28.25976389,28.25976389,-80.72678889,-80.72678889,31,"Post, Pole or Other Supports",0,The First Harmful Event was Not a Collision with a Motor Vehicle in Transport,0,No,1,Non-Junction,1,Not an Intersection,6,Off Roadway-Location Unknown,0,None,1,Daylight,1,Clear,0,No,0000000,Not Applicable,99,Unknown,99,Unknown,99,Unknown EMS Scene Arrival Hour,99,Unknown EMS Scene Arrival Minutes,99,Unknown,99,Unknown EMS Hospital Arrival Time,1
12,Florida,121501,0,0,1,1,0,1,1,11,BROWARD (11),2570,POMPANO BEACH,6,June,12,12,1,Sunday,2022,17,5:00pm-5:59pm,15,15,E COPANS RD,NA,6,Local Street - Municipality,2,Urban,4,Minor Arterial,98,Not Reported,0,This section IS NOT on the NHS,0,No Special Jurisdiction,99998,Not Reported,26.25878056,26.25878056,-80.1148,-80.1148,24,Guardrail Face,0,The First Harmful Event was Not a Collision with a Motor Vehicle in Transport,0,No,1,Non-Junction,1,Not an Intersection,4,On Roadside,0,None,1,Daylight,1,Clear,0,No,0000000,Not Applicable,99,Unknown,99,Unknown,99,Unknown EMS Scene Arrival Hour,99,Unknown EMS Scene Arrival Minutes,88,Not Applicable (Not Transported),88,Not Applicable (Not Transported),1
12,Florida,121502,0,0,2,2,0,3,3,127,VOLUSIA (127),2375,ORMOND BEACH,6,June,10,10,6,Friday,2022,11,11:00am-11:59am,4,4,SR-A1A,S ATLANTIC AVE,3,State Highway,2,Urban,3,Principal Arterial - Other,1,State Highway Agency,1,This section IS ON the NHS,0,No Special Jurisdiction,99998,Not Reported,29.28939167,29.28939167,-81.03886667,-81.03886667,12,Motor Vehicle In-Transport,6,Angle,0,No,2,Intersection,2,Four-Way Intersection,1,On Roadway,0,None,1,Daylight,10,Cloudy,0,No,0000000,Not Applicable,99,Unknown,99,Unknown,99,Unknown EMS Scene Arrival Hour,99,Unknown EMS Scene Arrival Minutes,88,Not Applicable (Not Transported),88,Not Applicable (Not Transported),1
12,Florida,121503,0,0,2,2,0,3,3,103,PINELLAS (103),0,NOT APPLICABLE,6,June,16,16,5,Thursday,2022,16,4:00pm-4:59pm,58,58,CR-611,TARPON LAKE BLVD,4,County Road,2,Urban,3,Principal Arterial - Other,98,Not Reported,0,This section IS NOT on the NHS,0,No Special Jurisdiction,99998,Not Reported,28.09351111,28.09351111,-82.69596111,-82.69596111,12,Motor Vehicle In-Transport,6,Angle,0,No,2,Intersection,3,T-Intersection,1,On Roadway,0,None,1,Daylight,1,Clear,0,No,0000000,Not Applicable,99,Unknown,99,Unknown,99,Unknown EMS Scene Arrival Hour,99,Unknown EMS Scene Arrival Minutes,99,Unknown,99,Unknown EMS Hospital Arrival Time,1
12,Florida,121504,1,1,1,1,0,2,2,95,ORANGE (95),2360,ORLANDO,6,June,12,12,1,Sunday,2022,0,0:00am-0:59am,47,47,I-4,NA,1,Interstate,2,Urban,1,Interstate,1,State Highway Agency,1,This section IS ON the NHS,0,No Special Jurisdiction,99998,Not Reported,28.47659444,28.47659444,-81.45179167,-81.45179167,8,Pedestrian,0,The First Harmful Event was Not a Collision with a Motor Vehicle in Transport,0,No,1,Non-Junction,1,Not an Intersection,1,On Roadway,0,None,3,Dark - Lighted,1,Clear,0,No,0000000,Not Applicable,99,Unknown,99,Unknown,99,Unknown EMS Scene Arrival Hour,99,Unknown EMS Scene Arrival Minutes,88,Not Applicable (Not Transported),88,Not Applicable (Not Transported),1
12,Florida,121505,0,0,2,2,0,3,3,53,HERNANDO (53),2882,SPRING HILL,6,June,14,14,3,Tuesday,2022,18,6:00pm-6:59pm,27,27,CR-585,NA,4,County Road,2,Urban,5,Major Collector,98,Not Reported,0,This section IS NOT on the NHS,0,No Special Jurisdiction,99998,Not Reported,28.46339167,28.46339167,-82.48588056,-82.48588056,12,Motor Vehicle In-Transport,2,Front-to-Front,0,No,1,Non-Junction,1,Not an Intersection,1,On Roadway,0,None,1,Daylight,1,Clear,0,No,0000000,Not Applicable,18,6:00pm-6:59pm,27,27,18,6:00pm-6:59pm,34,34,99,Unknown,99,Unknown EMS Hospital Arrival Time,1
12,Florida,121506,1,1,1,1,0,1,1,95,ORANGE (95),2360,ORLANDO,6,June,13,13,2,Monday,2022,1,1:00am-1:59am,3,3,SR-435,INTERNATIONAL DRIVE,3,State Highway,2,Urban,3,Principal Arterial - Other,1,State Highway Agency,1,This section IS ON the NHS,0,No Special Jurisdiction,99998,Not Reported,28.46203889,28.46203889,-81.45880833,-81.45880833,8,Pedestrian,0,The First Harmful Event was Not a Collision with a Motor Vehicle in Transport,0,No,3,Intersection-Related,2,Four-Way Intersection,1,On Roadway,0,None,3,Dark - Lighted,1,Clear,0,No,0000000,Not Applicable,99,Unknown,99,Unknown,99,Unknown EMS Scene Arrival Hour,99,Unknown EMS Scene Arrival Minutes,99,Unknown,99,Unknown EMS Hospital Arrival Time,1
12,Florida,121507,0,0,1,1,0,1,1,11,BROWARD (11),2468,PEMBROKE PINES,5,May,30,30,2,Monday,2022,23,11:00pm-11:59pm,15,15,SHERIDAN ST,NA,6,Local Street - Municipality,2,Urban,3,Principal Arterial - Other,98,Not Reported,0,This section IS NOT on the NHS,0,No Special Jurisdiction,99998,Not Reported,26.02869722,26.02869722,-80.3359,-80.3359,33,Curb,0,The First Harmful Event was Not a Collision with a Motor Vehicle in Transport,0,No,1,Non-Junction,1,Not an Intersection,3,On Median,0,None,2,Dark - Not Lighted,1,Clear,0,No,0000000,Not Applicable,99,Unknown,99,Unknown,99,Unknown EMS Scene Arrival Hour,99,Unknown EMS Scene Arrival Minutes,88,Not Applicable (Not Transported),88,Not Applicable (Not Transported),1
12,Florida,121508,0,0,1,1,0,2,2,33,ESCAMBIA (33),0,NOT APPLICABLE,6,June,10,10,6,Friday,2022,12,12:00pm-12:59pm,36,36,US-29,NA,2,US Highway,1,Rural,3,Principal Arterial - Other,1,State Highway Agency,1,This section IS ON the NHS,0,No Special Jurisdiction,99998,Not Reported,30.68043056,30.68043056,-87.35095,-87.35095,1,Rollover/Overturn,0,The First Harmful Event was Not a Collision with a Motor Vehicle in Transport,0,No,1,Non-Junction,1,Not an Intersection,4,On Roadside,0,None,1,Daylight,10,Cloudy,0,No,0000000,Not Applicable,99,Unknown,99,Unknown,99,Unknown EMS Scene Arrival Hour,99,Unknown EMS Scene Arrival Minutes,99,Unknown,99,Unknown EMS Hospital Arrival Time,1
12,Florida,121509,0,0,2,2,0,2,2,95,ORANGE (95),0,NOT APPLICABLE,6,June,15,15,4,Wednesday,2022,1,1:00am-1:59am,0,0,SR-551,NA,3,State Highway,2,Urban,4,Minor Arterial,1,State Highway Agency,0,This section IS NOT on the NHS,0,No Special Jurisdiction,99998,Not Reported,28.54497778,28.54497778,-81.28584167,-81.28584167,12,Motor Vehicle In-Transport,2,Front-to-Front,0,No,1,Non-Junction,1,Not an Intersection,1,On Roadway,0,None,3,Dark - Lighted,1,Clear,0,No,0000000,Not Applicable,99,Unknown,99,Unknown,99,Unknown EMS Scene Arrival Hour,99,Unknown EMS Scene Arrival Minutes,99,Unknown,99,Unknown EMS Hospital Arrival Time,1
12,Florida,121510,0,0,2,2,0,4,4,95,ORANGE (95),0,NOT APPLICABLE,5,May,19,19,5,Thursday,2022,23,11:00pm-11:59pm,0,0,SR-551,NA,3,State Highway,2,Urban,4,Minor Arterial,1,State Highway Agency,0,This section IS NOT on the NHS,0,No Special Jurisdiction,99998,Not Reported,28.52583056,28.52583056,-81.28568056,-81.28568056,1,Rollover/Overturn,0,The First Harmful Event was Not a Collision with a Motor Vehicle in Transport,0,No,1,Non-Junction,1,Not an Intersection,1,On Roadway,0,None,3,Dark - Lighted,1,Clear,0,No,0000000,Not Applicable,99,Unknown,99,Unknown,99,Unknown EMS Scene Arrival Hour,99,Unknown EMS Scene Arrival Minutes,99,Unknown,99,Unknown EMS Hospital Arrival Time,1
12,Florida,121511,1,1,1,1,0,1,1,101,PASCO (101),0,NOT APPLICABLE,6,June,5,5,1,Sunday,2022,0,0:00am-0:59am,26,26,KIEFER RD,NA,5,Local Street - Township,1,Rural,7,Local,98,Not Reported,0,This section IS NOT on the NHS,0,No Special Jurisdiction,99998,Not Reported,28.29183889,28.29183889,-82.24859167,-82.24859167,8,Pedestrian,0,The First Harmful Event was Not a Collision with a Motor Vehicle in Transport,0,No,1,Non-Junction,1,Not an Intersection,1,On Roadway,0,None,2,Dark - Not Lighted,1,Clear,0,No,0000000,Not Applicable,0,0:00am-0:59am,31,31,0,0:00am-0:59am,40,40,88,Not Applicable (Not Transported),88,Not Applicable (Not Transported),1
12,Florida,121512,0,0,2,2,0,2,2,111,ST LUCIE (111),0,NOT APPLICABLE,6,June,9,9,5,Thursday,2022,12,12:00pm-12:59pm,6,6,SR-70 OKEECHOBEE RD,NA,3,State Highway,1,Rural,3,Principal Arterial - Other,1,State Highway Agency,1,This section IS ON the NHS,0,No Special Jurisdiction,99998,Not Reported,27.36792222,27.36792222,-80.51683889,-80.51683889,12,Motor Vehicle In-Transport,2,Front-to-Front,0,No,1,Non-Junction,1,Not an Intersection,1,On Roadway,0,None,1,Daylight,1,Clear,0,No,0000000,Not Applicable,99,Unknown,99,Unknown,99,Unknown EMS Scene Arrival Hour,99,Unknown EMS Scene Arrival Minutes,99,Unknown,99,Unknown EMS Hospital Arrival Time,2