STATE,STATENAME,ST_CASE,PEDS,PERNOTMVIT,VE_TOTAL,VE_FORMS,PVH_INVL,PERSONS,PERMVIT,COUNTY,COUNTYNAME,CITY,CITYNAME,MONTH,MONTHNAME,DAY,DAYNAME,DAY_WEEK,DAY_WEEKNAME,YEAR,HOUR,HOURNAME,MINUTE,MINUTENAME,TWAY_ID,TWAY_ID2,ROUTE,ROUTENAME,RUR_URB,RUR_URBNAME,FUNC_SYS,FUNC_SYSNAME,RD_OWNER,RD_OWNERNAME,NHS,NHSNAME,SP_JUR,SP_JURNAME,MILEPT,MILEPTNAME,LATITUDE,LATITUDENAME,LONGITUD,LONGITUDNAME,HARM_EV,HARM_EVNAME,MAN_COLL,MAN_COLLNAME,RELJCT1,RELJCT1NAME,RELJCT2,RELJCT2NAME,TYP_INT,TYP_INTNAME,REL_ROAD,REL_ROADNAME,WRK_ZONE,WRK_ZONENAME,LGT_COND,LGT_CONDNAME,WEATHER,WEATHERNAME,SCH_BUS,SCH_BUSNAME,RAIL,RAILNAME,NOT_HOUR,NOT_HOURNAME,NOT_MIN,NOT_MINNAME,ARR_HOUR,ARR_HOURNAME,ARR_MIN,ARR_MINNAME,HOSP_HR,HOSP_HRNAME,HOSP_MN,HOSP_MNNAME,FATALS
12,Florida,121930,1,1,1,1,0,1,1,99,PALM BEACH (99),3190,WEST PALM BEACH,7,July,29,29,6,Friday,2022,5,5:00am-5:59am,39,39,I-95,NA,1,Interstate,2,Urban,1,Interstate,1,State Highway Agency,1,This section IS ON the NHS,0,No Special Jurisdiction,99998,Not Reported,26.70399444,26.70399444,-80.07432778,-80.07432778,8,Pedestrian,0,The First Harmful Event was Not a Collision with a Motor Vehicle in Transport,1,Yes,18,Through Roadway,1,Not an Intersection,1,On Roadway,0,None,3,Dark - Lighted,1,Clear,0,No,0000000,Not Applicable,99,Unknown,99,Unknown,99,Unknown EMS Scene Arrival Hour,99,Unknown EMS Scene Arrival Minutes,88,Not Applicable (Not Transported),88,Not Applicable (Not Transported),1
12,Florida,121931,0,0,2,2,0,7,7,109,ST JOHNS (109),0,NOT APPLICABLE,7,July,24,24,1,Sunday,2022,2,2:00am-2:59am,45,45,I-95,NA,1,Interstate,1,Rural,1,Interstate,1,State Highway Agency,1,This section IS ON the NHS,0,No Special Jurisdiction,99998,Not Reported,30.09448889,30.09448889,-81.49803056,-81.49803056,24,Guardrail Face,0,The First Harmful Event was Not a Collision with a Motor Vehicle in Transport,1,Yes,19,Other location within Interchange Area,1,Not an Intersection,3,On Median,0,None,3,Dark - Lighted,1,Clear,0,No,0000000,Not Applicable,99,Unknown,99,Unknown,99,Unknown EMS Scene Arrival Hour,99,Unknown EMS Scene Arrival Minutes,99,Unknown,99,Unknown EMS Hospital Arrival Time,1
12,Florida,121932,0,0,1,1,0,2,2,95,ORANGE (95),2360,ORLANDO,8,August,4,4,5,Thursday,2022,3,3:00am-3:59am,15,15,SR-50,NA,3,State Highway,2,Urban,3,Principal Arterial - Other,1,State Highway Agency,0,This section IS NOT on the NHS,0,No Special Jurisdiction,99998,Not Reported,28.55315278,28.55315278,-81.36337778,-81.36337778,19,Building,0,The First Harmful Event was Not a Collision with a Motor Vehicle in Transport,0,No,1,Non-Junction,1,Not an Intersection,5,Outside Trafficway,0,None,3,Dark - Lighted,1,Clear,0,No,0000000,Not Applicable,99,Unknown,99,Unknown,99,Unknown EMS Scene Arrival Hour,99,Unknown EMS Scene Arrival Minutes,99,Unknown,99,Unknown EMS Hospital Arrival Time,1
12,Florida,121933,0,0,3,1,2,1,1,31,DUVAL (31),1510,JACKSONVILLE,8,August,10,10,4,Wednesday,2022,14,2:00pm-2:59pm,20,20,ROGERO RD,NA,6,Local Street - Municipality,2,Urban,7,Local,98,Not Reported,0,This section IS NOT on the NHS,0,No Special Jurisdiction,99998,Not Reported,30.32970556,30.32970556,-81.58899722,-81.58899722,30,Utility Pole/Light Support,0,The First Harmful Event was Not a Collision with a Motor Vehicle in Transport,0,No,1,Non-Junction,1,Not an Intersection,4,On Roadside,0,None,1,Daylight,1,Clear,0,No,0000000,Not Applicable,99,Unknown,99,Unknown,99,Unknown EMS Scene Arrival Hour,99,Unknown EMS Scene Arrival Minutes,99,Unknown,99,Unknown EMS Hospital Arrival Time,1
12,Florida,121934,0,0,1,1,0,2,2,105,POLK (105),1690,LAKELAND,8,August,7,7,1,Sunday,2022,2,2:00am-2:59am,28,28,SR-546,NA,3,State Highway,2,Urban,3,Principal Arterial - Other,1,State Highway Agency,0,This section IS NOT on the NHS,0,No Special Jurisdiction,99998,Not Reported,28.05120833,28.05120833,-82.01305556,-82.01305556,25,Concrete Traffic Barrier,0,The First Harmful Event was Not a Collision with a Motor Vehicle in Transport,0,No,1,Non-Junction,1,Not an Intersection,3,On Median,0,None,3,Dark - Lighted,1,Clear,0,No,0000000,Not Applicable,99,Unknown,99,Unknown,99,Unknown EMS Scene Arrival Hour,99,Unknown EMS Scene Arrival Minutes,99,Unknown,99,Unknown EMS Hospital Arrival Time,1
12,Florida,121935,2,2,1,1,0,1,1,95,ORANGE (95),2360,ORLANDO,2,February,13,13,1,Sunday,2022,16,4:00pm-4:59pm,0,0,LAKE UNDERHILL DR,NA,6,Local Street - Municipality,2,Urban,6,Minor Collector,98,Not Reported,0,This section IS NOT on the NHS,0,No Special Jurisdiction,99998,Not Reported,28.53908611,28.53908611,-81.29508333,-81.29508333,33,Curb,0,The First Harmful Event was Not a Collision with a Motor Vehicle in Transport,0,No,1,Non-Junction,1,Not an Intersection,4,On Roadside,0,None,1,Daylight,1,Clear,0,No,0000000,Not Applicable,99,Unknown,99,Unknown,99,Unknown EMS Scene Arrival Hour,99,Unknown EMS Scene Arrival Minutes,99,Unknown,99,Unknown EMS Hospital Arrival Time,1
12,Florida,121936,0,0,1,1,0,1,1,95,ORANGE (95),2360,ORLANDO,5,May,4,4,4,Wednesday,2022,22,10:00pm-10:59pm,21,21,SR-423,NA,3,State Highway,2,Urban,3,Principal Arterial - Other,1,State Highway Agency,0,This section IS NOT on the NHS,0,No Special Jurisdiction,99998,Not Reported,28.59732222,28.59732222,-81.41810833,-81.41810833,43,Other Fixed Object,0,The First Harmful Event was Not a Collision with a Motor Vehicle in Transport,0,No,1,Non-Junction,1,Not an Intersection,4,On Roadside,0,None,3,Dark - Lighted,1,Clear,0,No,0000000,Not Applicable,99,Unknown,99,Unknown,99,Unknown EMS Scene Arrival Hour,99,Unknown EMS Scene Arrival Minutes,99,Unknown,99,Unknown EMS Hospital Arrival Time,1
12,Florida,121937,0,0,2,2,0,4,4,111,ST LUCIE (111),0,NOT APPLICABLE,5,May,23,23,2,Monday,2022,19,7:00pm-7:59pm,13,13,SR-614,CR-603,3,State Highway,1,Rural,3,Principal Arterial - Other,1,State Highway Agency,1,This section IS ON the NHS,0,No Special Jurisdiction,99998,Not Reported,27.52139722,27.52139722,-80.43126111,-80.43126111,12,Motor Vehicle In-Transport,6,Angle,0,No,2,Intersection,2,Four-Way Intersection,1,On Roadway,0,None,1,Daylight,1,Clear,0,No,0000000,Not Applicable,99,Unknown,99,Unknown,99,Unknown EMS Scene Arrival Hour,99,Unknown EMS Scene Arrival Minutes,99,Unknown,99,Unknown EMS Hospital Arrival Time,2
12,Florida,121938,0,0,2,2,0,4,4,105,POLK (105),160,BARTOW,6,June,16,16,5,Thursday,2022,12,12:00pm-12:59pm,57,57,US-17,ERNEST M SMITH BLVD,2,US Highway,2,Urban,2,Principal Arterial - Other Freeways and Expressways,1,State Highway Agency,1,This section IS ON the NHS,0,No Special Jurisdiction,99998,Not Reported,27.92396389,27.92396389,-81.82163333,-81.82163333,12,Motor Vehicle In-Transport,1,Front-to-Rear,1,Yes,3,Intersection-Related,3,T-Intersection,1,On Roadway,0,None,1,Daylight,1,Clear,0,No,0000000,Not Applicable,99,Unknown,99,Unknown,99,Unknown EMS Scene Arrival Hour,99,Unknown EMS Scene Arrival Minutes,99,Unknown,99,Unknown EMS Hospital Arrival Time,2
12,Florida,121939,0,0,3,3,0,5,5,101,PASCO (101),0,NOT APPLICABLE,7,July,17,17,1,Sunday,2022,21,9:00pm-9:59pm,31,31,CR-587,ASHLEY LAKES DRIVE,4,County Road,2,Urban,4,Minor Arterial,2,County Highway Agency,0,This section IS NOT on the NHS,0,No Special Jurisdiction,99998,Not Reported,28.19041111,28.19041111,-82.59231944,-82.59231944,12,Motor Vehicle In-Transport,6,Angle,0,No,2,Intersection,3,T-Intersection,1,On Roadway,0,None,2,Dark - Not Lighted,1,Clear,0,No,0000000,Not Applicable,99,Unknown,99,Unknown,99,Unknown EMS Scene Arrival Hour,99,Unknown EMS Scene Arrival Minutes,99,Unknown,99,Unknown EMS Hospital Arrival Time,1
12,Florida,121941,0,0,2,2,0,3,3,101,PASCO (101),3330,ZEPHYRHILLS,7,July,23,23,7,Saturday,2022,23,11:00pm-11:59pm,3,3,US-301,ALSTON AVE,2,US Highway,2,Urban,3,Principal Arterial - Other,1,State Highway Agency,1,This section IS ON the NHS,0,No Special Jurisdiction,99998,Not Reported,28.22279167,28.22279167,-82.17996667,-82.17996667,1,Rollover/Overturn,0,The First Harmful Event was Not a Collision with a Motor Vehicle in Transport,0,No,3,Intersection-Related,2,Four-Way Intersection,1,On Roadway,0,None,2,Dark - Not Lighted,1,Clear,0,No,0000000,Not Applicable,99,Unknown,99,Unknown,99,Unknown EMS Scene Arrival Hour,99,Unknown EMS Scene Arrival Minutes,99,Unknown,99,Unknown EMS Hospital Arrival Time,1
12,Florida,121942,0,0,2,2,0,2,2,117,SEMINOLE (117),0,NOT APPLICABLE,8,August,1,1,2,Monday,2022,13,1:00pm-1:59pm,29,29,OLD LOCKWOOD ROAD,MCCULLOCH RD,6,Local Street - Municipality,2,Urban,5,Major Collector,98,Not Reported,0,This section IS NOT on the NHS,0,No Special Jurisdiction,99998,Not Reported,28.6125,28.6125,-81.17455278,-81.17455278,12,Motor Vehicle In-Transport,2,Front-to-Front,0,No,3,Intersection-Related,2,Four-Way Intersection,1,On Roadway,0,None,1,Daylight,1,Clear,0,No,0000000,Not Applicable,99,Unknown,99,Unknown,99,Unknown EMS Scene Arrival Hour,99,Unknown EMS Scene Arrival Minutes,99,Unknown,99,Unknown EMS Hospital Arrival Time,1
12,Florida,121943,0,0,2,2,0,2,2,86,MIAMI-DADE (86),0,NOT APPLICABLE,6,June,20,20,2,Monday,2022,5,5:00am-5:59am,18,18,79TH ST,MIAMI CT,6,Local Street - Municipality,2,Urban,3,Principal Arterial - Other,98,Not Reported,0,This section IS NOT on the NHS,0,No Special Jurisdiction,99998,Not Reported,25.84743611,25.84743611,-80.19797778,-80.19797778,12,Motor Vehicle In-Transport,6,Angle,0,No,2,Intersection,3,T-Intersection,1,On Roadway,0,None,1,Daylight,1,Clear,0,No,0000000,Not Applicable,99,Unknown,99,Unknown,99,Unknown EMS Scene Arrival Hour,99,Unknown EMS Scene Arrival Minutes,99,Unknown,99,Unknown EMS Hospital Arrival Time,1
12,Florida,121944,1,1,1,1,0,1,1,86,MIAMI-DADE (86),0,NOT APPLICABLE,7,July,24,24,1,Sunday,2022,1,1:00am-1:59am,44,44,SR-985,NW 7TH AVE,3,State Highway,2,Urban,4,Minor Arterial,98,Not Reported,0,This section IS NOT on the NHS,0,No Special Jurisdiction,99998,Not Reported,25.76870833,25.76870833,-80.36906667,-80.36906667,8,Pedestrian,0,The First Harmful Event was Not a Collision with a Motor Vehicle in Transport,1,Yes,3,Intersection-Related,2,Four-Way Intersection,1,On Roadway,0,None,3,Dark - Lighted,1,Clear,0,No,0000000,Not Applicable,99,Unknown,99,Unknown,99,Unknown EMS Scene Arrival Hour,99,Unknown EMS Scene Arrival Minutes,88,Not Applicable (Not Transported),88,Not Applicable (Not Transported),1
12,Florida,121945,1,1,1,1,0,1,1,11,BROWARD (11),1782,LAUDERHILL,8,August,2,2,3,Tuesday,2022,5,5:00am-5:59am,0,0,26TH ST,SR-7,6,Local Street - Municipality,2,Urban,5,Major Collector,4,City or Municipal Highway Agency,0,This section IS NOT on the NHS,0,No Special Jurisdiction,99998,Not Reported,26.15881667,26.15881667,-80.20318889,-80.20318889,8,Pedestrian,0,The First Harmful Event was Not a Collision with a Motor Vehicle in Transport,0,No,3,Intersection-Related,2,Four-Way Intersection,1,On Roadway,0,None,3,Dark - Lighted,1,Clear,0,No,0000000,Not Applicable,99,Unknown,99,Unknown,99,Unknown EMS Scene Arrival Hour,99,Unknown EMS Scene Arrival Minutes,99,Unknown,99,Unknown EMS Hospital Arrival Time,1
12,Florida,121946,0,0,1,1,0,1,1,63,JACKSON (63),0,NOT APPLICABLE,8,August,6,6,7,Saturday,2022,1,1:00am-1:59am,30,30,SR-73,NA,3,State Highway,2,Urban,3,Principal Arterial - Other,1,State Highway Agency,0,This section IS NOT on the NHS,0,No Special Jurisdiction,99998,Not Reported,30.70735556,30.70735556,-85.23090833,-85.23090833,53,Mail Box,0,The First Harmful Event was Not a Collision with a Motor Vehicle in Transport,0,No,1,Non-Junction,1,Not an Intersection,4,On Roadside,0,None,2,Dark - Not Lighted,1,Clear,0,No,0000000,Not Applicable,99,Unknown,99,Unknown,99,Unknown EMS Scene Arrival Hour,99,Unknown EMS Scene Arrival Minutes,88,Not Applicable (Not Transported),88,Not Applicable (Not Transported),1
12,Florida,121947,0,0,2,2,0,4,4,71,LEE (71),0,NOT APPLICABLE,8,August,6,6,7,Saturday,2022,4,4:00am-4:59am,55,55,CR-884,ALVIN AVE,4,County Road,2,Urban,4,Minor Arterial,1,State Highway Agency,0,This section IS NOT on the NHS,0,No Special Jurisdiction,99998,Not Reported,26.62101944,26.62101944,-81.74958889,-81.74958889,12,Motor Vehicle In-Transport,2,Front-to-Front,0,No,2,Intersection,2,Four-Way Intersection,1,On Roadway,0,None,3,Dark - Lighted,1,Clear,0,No,0000000,Not Applicable,99,Unknown,99,Unknown,99,Unknown EMS Scene Arrival Hour,99,Unknown EMS Scene Arrival Minutes,99,Unknown,99,Unknown EMS Hospital Arrival Time,2
12,Florida,121948,1,1,1,1,0,1,1,103,PINELLAS (103),0,NOT APPLICABLE,7,July,19,19,3,Tuesday,2022,8,8:00am-8:59am,25,25,BELLEAIR RD,S MRYTLE AVE,9,Unknown,2,Urban,4,Minor Arterial,2,County Highway Agency,0,This section IS NOT on the NHS,0,No Special Jurisdiction,99998,Not Reported,27.93895556,27.93895556,-82.79567222,-82.79567222,9,Pedalcyclist,0,The First Harmful Event was Not a Collision with a Motor Vehicle in Transport,0,No,2,Intersection,2,Four-Way Intersection,1,On Roadway,0,None,1,Daylight,1,Clear,0,No,0000000,Not Applicable,99,Unknown,99,Unknown,99,Unknown EMS Scene Arrival Hour,99,Unknown EMS Scene Arrival Minutes,99,Unknown,99,Unknown EMS Hospital Arrival Time,1
12,Florida,121949,0,0,2,2,0,3,3,119,SUMTER (119),0,NOT APPLICABLE,7,July,28,28,5,Thursday,2022,18,6:00pm-6:59pm,6,6,CR-101,WOODRIDGE DR,4,County Road,2,Urban,5,Major Collector,2,County Highway Agency,0,This section IS NOT on the NHS,0,No Special Jurisdiction,99998,Not Reported,28.93148889,28.93148889,-82.01628056,-82.01628056,12,Motor Vehicle In-Transport,6,Angle,0,No,2,Intersection,2,Four-Way Intersection,1,On Roadway,0,None,1,Daylight,1,Clear,0,No,0000000,Not Applicable,18,6:00pm-6:59pm,9,9,18,6:00pm-6:59pm,13,13,99,Unknown,99,Unknown EMS Hospital Arrival Time,1
12,Florida,121950,0,0,2,2,0,3,3,43,GLADES (43),0,NOT APPLICABLE,8,August,6,6,7,Saturday,2022,23,11:00pm-11:59pm,45,45,SR-78,NA,3,State Highway,1,Rural,4,Minor Arterial,1,State Highway Agency,0,This section IS NOT on the NHS,0,No Special Jurisdiction,99998,Not Reported,27.14271944,27.14271944,-80.88111111,-80.88111111,12,Motor Vehicle In-Transport,2,Front-to-Front,0,No,1,Non-Junction,1,Not an Intersection,1,On Roadway,0,None,2,Dark - Not Lighted,1,Clear,0,No,0000000,Not Applicable,99,Unknown,99,Unknown,99,Unknown EMS Scene Arrival Hour,99,Unknown EMS Scene Arrival Minutes,99,Unknown,99,Unknown EMS Hospital Arrival Time,2
12,Florida,121951,1,1,1,1,0,1,1,101,PASCO (101),0,NOT APPLICABLE,7,July,31,31,1,Sunday,2022,8,8:00am-8:59am,35,35,SCENIC DR,NA,9,Unknown,2,Urban,6,Minor Collector,98,Not Reported,0,This section IS NOT on the NHS,0,No Special Jurisdiction,99998,Not Reported,28.311825,28.311825,-82.70220556,-82.70220556,9,Pedalcyclist,0,The First Harmful Event was Not a Collision with a Motor Vehicle in Transport,0,No,1,Non-Junction,1,Not an Intersection,1,On Roadway,0,None,9,Reported as Unknown,8,Other,0,No,0000000,Not Applicable,8,8:00am-8:59am,39,39,8,8:00am-8:59am,50,50,88,Not Applicable (Not Transported),88,Not Applicable (Not Transported),1
12,Florida,121952,0,0,2,2,0,2,2,71,LEE (71),0,NOT APPLICABLE,7,July,25,25,2,Monday,2022,7,7:00am-7:59am,50,50,MELLOW DR,NA,9,Unknown,2,Urban,5,Major Collector,2,County Highway Agency,0,This section IS NOT on the NHS,0,No Special Jurisdiction,99998,Not Reported,26.72638889,26.72638889,-81.87811111,-81.87811111,12,Motor Vehicle In-Transport,8,Sideswipe - Opposite Direction,0,No,1,Non-Junction,1,Not an Intersection,1,On Roadway,0,None,1,Daylight,1,Clear,0,No,0000000,Not Applicable,99,Unknown,99,Unknown,99,Unknown EMS Scene Arrival Hour,99,Unknown EMS Scene Arrival Minutes,88,Not Applicable (Not Transported),88,Not Applicable (Not Transported),1
12,Florida,121953,1,1,1,1,0,1,1,99,PALM BEACH (99),290,BOCA RATON,8,August,3,3,4,Wednesday,2022,6,6:00am-6:59am,25,25,W GLADES RD,BUTTS RD,6,Local Street - Municipality,2,Urban,3,Principal Arterial - Other,98,Not Reported,1,This section IS ON the NHS,0,No Special Jurisdiction,99998,Not Reported,26.36837778,26.36837778,-80.12919167,-80.12919167,8,Pedestrian,0,The First Harmful Event was Not a Collision with a Motor Vehicle in Transport,0,No,3,Intersection-Related,2,Four-Way Intersection,1,On Roadway,0,None,3,Dark - Lighted,10,Cloudy,0,No,0000000,Not Applicable,99,Unknown,98,Unknown if Notified,99,Unknown EMS Scene Arrival Hour,98,Unknown if Arrived,88,Not Applicable (Not Transported),88,Not Applicable (Not Transported),1
12,Florida,121954,0,0,1,1,0,1,1,121,SUWANNEE (121),0,NOT APPLICABLE,8,August,3,3,4,Wednesday,2022,0,0:00am-0:59am,10,10,CR-250,NA,4,County Road,1,Rural,5,Major Collector,98,Not Reported,0,This section IS NOT on the NHS,0,No Special Jurisdiction,99998,Not Reported,30.24644444,30.24644444,-83.09008889,-83.09008889,42,Tree (Standing Only),0,The First Harmful Event was Not a Collision with a Motor Vehicle in Transport,0,No,1,Non-Junction,1,Not an Intersection,5,Outside Trafficway,0,None,2,Dark - Not Lighted,10,Cloudy,0,No,0000000,Not Applicable,99,Unknown,99,Unknown,99,Unknown EMS Scene Arrival Hour,99,Unknown EMS Scene Arrival Minutes,88,Not Applicable (Not Transported),88,Not Applicable (Not Transported),1
12,Florida,121955,0,0,1,1,0,2,2,99,PALM BEACH (99),0,NOT APPLICABLE,8,August,2,2,3,Tuesday,2022,18,6:00pm-6:59pm,50,50,US-27,NA,2,US Highway,1,Rural,3,Principal Arterial - Other,1,State Highway Agency,1,This section IS ON the NHS,0,No Special Jurisdiction,99998,Not Reported,26.446,26.446,-80.62366667,-80.62366667,59,Traffic Sign Support,0,The First Harmful Event was Not a Collision with a Motor Vehicle in Transport,0,No,1,Non-Junction,1,Not an Intersection,3,On Median,0,None,1,Daylight,1,Clear,0,No,0000000,Not Applicable,99,Unknown,99,Unknown,99,Unknown EMS Scene Arrival Hour,99,Unknown EMS Scene Arrival Minutes,99,Unknown,99,Unknown EMS Hospital Arrival Time,1
12,Florida,121956,0,0,2,2,0,3,3,33,ESCAMBIA (33),3192,WEST PENSACOLA,8,August,9,9,3,Tuesday,2022,22,10:00pm-10:59pm,41,41,SR-298,N 46TH AVE,3,State Highway,2,Urban,4,Minor Arterial,98,Not Reported,0,This section IS NOT on the NHS,0,No Special Jurisdiction,99998,Not Reported,30.42650278,30.42650278,-87.276775,-87.276775,12,Motor Vehicle In-Transport,6,Angle,0,No,2,Intersection,3,T-Intersection,1,On Roadway,0,None,3,Dark - Lighted,1,Clear,0,No,0000000,Not Applicable,99,Unknown,99,Unknown,99,Unknown EMS Scene Arrival Hour,99,Unknown EMS Scene Arrival Minutes,99,Unknown,99,Unknown EMS Hospital Arrival Time,1
12,Florida,121957,2,2,1,1,0,1,1,11,BROWARD (11),1280,HALLANDALE BEACH,7,July,31,31,1,Sunday,2022,3,3:00am-3:59am,12,12,I-95,NA,1,Interstate,2,Urban,1,Interstate,1,State Highway Agency,1,This section IS ON the NHS,0,No Special Jurisdiction,99998,Not Reported,25.98671944,25.98671944,-80.16594722,-80.16594722,8,Pedestrian,0,The First Harmful Event was Not a Collision with a Motor Vehicle in Transport,1,Yes,19,Other location within Interchange Area,1,Not an Intersection,2,On Shoulder,0,None,3,Dark - Lighted,1,Clear,0,No,0000000,Not Applicable,99,Unknown,99,Unknown,99,Unknown EMS Scene Arrival Hour,99,Unknown EMS Scene Arrival Minutes,99,Unknown,99,Unknown EMS Hospital Arrival Time,1
12,Florida,121958,0,0,3,3,0,5,5,115,SARASOTA (115),0,NOT APPLICABLE,8,August,8,8,2,Monday,2022,21,9:00pm-9:59pm,21,21,US-41,NA,2,US Highway,2,Urban,3,Principal Arterial - Other,1,State Highway Agency,1,This section IS ON the NHS,0,No Special Jurisdiction,99998,Not Reported,27.13229444,27.13229444,-82.45413611,-82.45413611,12,Motor Vehicle In-Transport,7,Sideswipe - Same Direction,0,No,1,Non-Junction,1,Not an Intersection,1,On Roadway,0,None,3,Dark - Lighted,10,Cloudy,0,No,0000000,Not Applicable,99,Unknown,99,Unknown,99,Unknown EMS Scene Arrival Hour,99,Unknown EMS Scene Arrival Minutes,88,Not Applicable (Not Transported),88,Not Applicable (Not Transported),1
12,Florida,121959,1,1,1,1,0,1,1,31,DUVAL (31),1510,JACKSONVILLE,8,August,7,7,1,Sunday,2022,19,7:00pm-7:59pm,28,28,SR-109,NA,3,State Highway,2,Urban,4,Minor Arterial,1,State Highway Agency,0,This section IS NOT on the NHS,0,No Special Jurisdiction,99998,Not Reported,30.27315278,30.27315278,-81.60773611,-81.60773611,9,Pedalcyclist,0,The First Harmful Event was Not a Collision with a Motor Vehicle in Transport,0,No,1,Non-Junction,1,Not an Intersection,1,On Roadway,0,None,1,Daylight,1,Clear,0,No,0000000,Not Applicable,99,Unknown,99,Unknown,99,Unknown EMS Scene Arrival Hour,99,Unknown EMS Scene Arrival Minutes,88,Not Applicable (Not Transported),88,Not Applicable (Not Transported),1
12,Florida,121960,0,0,1,1,0,1,1,95,ORANGE (95),0,NOT APPLICABLE,7,July,25,25,2,Monday,2022,12,12:00pm-12:59pm,25,25,UNIVERSAL BOULEVARD,NA,6,Local Street - Municipality,2,Urban,4,Minor Arterial,2,County Highway Agency,0,This section IS NOT on the NHS,0,No Special Jurisdiction,99998,Not Reported,28.43563889,28.43563889,-81.46721111,-81.46721111,59,Traffic Sign Support,0,The First Harmful Event was Not a Collision with a Motor Vehicle in Transport,0,No,1,Non-Junction,1,Not an Intersection,3,On Median,0,None,1,Daylight,1,Clear,0,No,0000000,Not Applicable,99,Unknown,99,Unknown,99,Unknown EMS Scene Arrival Hour,99,Unknown EMS Scene Arrival Minutes,99,Unknown,99,Unknown EMS Hospital Arrival Time,1
12,Florida,121961,0,0,1,1,0,1,1,103,PINELLAS (103),2730,SAINT PETERSBURG,8,August,7,7,1,Sunday,2022,23,11:00pm-11:59pm,8,8,58TH ST,NA,6,Local Street - Municipality,2,Urban,5,Major Collector,98,Not Reported,0,This section IS NOT on the NHS,0,No Special Jurisdiction,99998,Not Reported,27.769825,27.769825,-82.71224722,-82.71224722,30,Utility Pole/Light Support,0,The First Harmful Event was Not a Collision with a Motor Vehicle in Transport,0,No,1,Non-Junction,1,Not an Intersection,4,On Roadside,0,None,3,Dark - Lighted,1,Clear,0,No,0000000,Not Applicable,99,Unknown,99,Unknown,99,Unknown EMS Scene Arrival Hour,99,Unknown EMS Scene Arrival Minutes,99,Unknown,99,Unknown EMS Hospital Arrival Time,1
12,Florida,121963,1,1,1,1,0,1,1,55,HIGHLANDS (55),2800,SEBRING,7,July,13,13,4,Wednesday,2022,15,3:00pm-3:59pm,19,19,US-27,NA,2,US Highway,2,Urban,3,Principal Arterial - Other,1,State Highway Agency,1,This section IS ON the NHS,0,No Special Jurisdiction,99998,Not Reported,27.47125,27.47125,-81.44247222,-81.44247222,9,Pedalcyclist,0,The First Harmful Event was Not a Collision with a Motor Vehicle in Transport,0,No,1,Non-Junction,1,Not an Intersection,1,On Roadway,0,None,1,Daylight,10,Cloudy,0,No,0000000,Not Applicable,99,Unknown,99,Unknown,99,Unknown EMS Scene Arrival Hour,99,Unknown EMS Scene Arrival Minutes,88,Not Applicable (Not Transported),88,Not Applicable (Not Transported),1
12,Florida,121964,0,0,2,2,0,2,2,127,VOLUSIA (127),825,DELTONA,6,June,18,18,7,Saturday,2022,0,0:00am-0:59am,28,28,HOWLAND BLVD,NA,6,Local Street - Municipality,2,Urban,4,Minor Arterial,98,Not Reported,0,This section IS NOT on the NHS,0,No Special Jurisdiction,99998,Not Reported,28.94777778,28.94777778,-81.23823889,-81.23823889,12,Motor Vehicle In-Transport,1,Front-to-Rear,0,No,1,Non-Junction,1,Not an Intersection,1,On Roadway,0,None,3,Dark - Lighted,1,Clear,0,No,0000000,Not Applicable,99,Unknown,99,Unknown,99,Unknown EMS Scene Arrival Hour,99,Unknown EMS Scene Arrival Minutes,99,Unknown,99,Unknown EMS Hospital Arrival Time,1
12,Florida,121965,1,1,1,1,0,1,1,81,MANATEE (81),0,NOT APPLICABLE,8,August,9,9,3,Tuesday,2022,5,5:00am-5:59am,31,31,CR-683,NA,4,County Road,2,Urban,4,Minor Arterial,98,Not Reported,0,This section IS NOT on the NHS,0,No Special Jurisdiction,99998,Not Reported,27.44281111,27.44281111,-82.54668611,-82.54668611,8,Pedestrian,0,The First Harmful Event was Not a Collision with a Motor Vehicle in Transport,0,No,1,Non-Junction,1,Not an Intersection,1,On Roadway,0,None,2,Dark - Not Lighted,1,Clear,0,No,0000000,Not Applicable,99,Unknown,99,Unknown,99,Unknown EMS Scene Arrival Hour,99,Unknown EMS Scene Arrival Minutes,88,Not Applicable (Not Transported),88,Not Applicable (Not Transported),1
12,Florida,121966,1,1,2,2,0,2,2,11,BROWARD (11),1050,FORT LAUDERDALE,8,August,9,9,3,Tuesday,2022,10,10:00am-10:59am,9,9,SR-842,N ANDREWS AVE,3,State Highway,2,Urban,3,Principal Arterial - Other,1,State Highway Agency,1,This section IS ON the NHS,0,No Special Jurisdiction,99998,Not Reported,26.12235278,26.12235278,-80.14351111,-80.14351111,12,Motor Vehicle In-Transport,6,Angle,0,No,2,Intersection,2,Four-Way Intersection,1,On Roadway,0,None,1,Daylight,1,Clear,0,No,0000000,Not Applicable,99,Unknown,99,Unknown,99,Unknown EMS Scene Arrival Hour,99,Unknown EMS Scene Arrival Minutes,88,Not Applicable (Not Transported),88,Not Applicable (Not Transported),1