STATE,STATENAME,ST_CASE,PEDS,PERNOTMVIT,VE_TOTAL,VE_FORMS,PVH_INVL,PERSONS,PERMVIT,COUNTY,COUNTYNAME,CITY,CITYNAME,MONTH,MONTHNAME,DAY,DAYNAME,DAY_WEEK,DAY_WEEKNAME,YEAR,HOUR,HOURNAME,MINUTE,MINUTENAME,TWAY_ID,TWAY_ID2,ROUTE,ROUTENAME,RUR_URB,RUR_URBNAME,FUNC_SYS,FUNC_SYSNAME,RD_OWNER,RD_OWNERNAME,NHS,NHSNAME,SP_JUR,SP_JURNAME,MILEPT,MILEPTNAME,LATITUDE,LATITUDENAME,LONGITUD,LONGITUDNAME,HARM_EV,HARM_EVNAME,MAN_COLL,MAN_COLLNAME,RELJCT1,RELJCT1NAME,RELJCT2,RELJCT2NAME,TYP_INT,TYP_INTNAME,REL_ROAD,REL_ROADNAME,WRK_ZONE,WRK_ZONENAME,LGT_COND,LGT_CONDNAME,WEATHER,WEATHERNAME,SCH_BUS,SCH_BUSNAME,RAIL,RAILNAME,NOT_HOUR,NOT_HOURNAME,NOT_MIN,NOT_MINNAME,ARR_HOUR,ARR_HOURNAME,ARR_MIN,ARR_MINNAME,HOSP_HR,HOSP_HRNAME,HOSP_MN,HOSP_MNNAME,FATALS
12,Florida,123012,0,0,1,1,0,1,1,95,ORANGE (95),0,NOT APPLICABLE,11,November,16,16,4,Wednesday,2022,3,3:00am-3:59am,6,6,PALM PARKWAY,NA,8,Other,2,Urban,4,Minor Arterial,2,County Highway Agency,0,This section IS NOT on the NHS,0,No Special Jurisdiction,99998,Not Reported,28.38784167,28.38784167,-81.49900556,-81.49900556,33,Curb,0,The First Harmful Event was Not a Collision with a Motor Vehicle in Transport,0,No,1,Non-Junction,1,Not an Intersection,3,On Median,0,None,3,Dark - Lighted,10,Cloudy,0,No,0000000,Not Applicable,99,Unknown,99,Unknown,99,Unknown EMS Scene Arrival Hour,99,Unknown EMS Scene Arrival Minutes,88,Not Applicable (Not Transported),88,Not Applicable (Not Transported),1
12,Florida,123013,1,1,1,1,0,1,1,105,POLK (105),0,NOT APPLICABLE,11,November,22,22,3,Tuesday,2022,5,5:00am-5:59am,57,57,US-98,MANN RD,2,US Highway,2,Urban,3,Principal Arterial - Other,1,State Highway Agency,1,This section IS ON the NHS,0,No Special Jurisdiction,99998,Not Reported,27.87514444,27.87514444,-81.82854444,-81.82854444,8,Pedestrian,0,The First Harmful Event was Not a Collision with a Motor Vehicle in Transport,0,No,2,Intersection,2,Four-Way Intersection,1,On Roadway,0,None,2,Dark - Not Lighted,1,Clear,0,No,0000000,Not Applicable,99,Unknown,99,Unknown,99,Unknown EMS Scene Arrival Hour,99,Unknown EMS Scene Arrival Minutes,88,Not Applicable (Not Transported),88,Not Applicable (Not Transported),1
12,Florida,123014,1,1,2,1,1,1,1,86,MIAMI-DADE (86),0,NOT APPLICABLE,11,November,7,7,2,Monday,2022,12,12:00pm-12:59pm,4,4,SR-821,NA,3,State Highway,2,Urban,2,Principal Arterial - Other Freeways and Expressways,1,State Highway Agency,1,This section IS ON the NHS,0,No Special Jurisdiction,99998,Not Reported,25.84083611,25.84083611,-80.38716111,-80.38716111,14,Parked Motor Vehicle,0,The First Harmful Event was Not a Collision with a Motor Vehicle in Transport,0,No,1,Non-Junction,1,Not an Intersection,4,On Roadside,0,None,1,Daylight,10,Cloudy,0,No,0000000,Not Applicable,99,Unknown,99,Unknown,99,Unknown EMS Scene Arrival Hour,99,Unknown EMS Scene Arrival Minutes,99,Unknown,99,Unknown EMS Hospital Arrival Time,1
12,Florida,123015,1,1,1,1,0,1,1,51,HENDRY (51),0,NOT APPLICABLE,11,November,28,28,2,Monday,2022,2,2:00am-2:59am,45,45,US-27,NA,2,US Highway,2,Urban,3,Principal Arterial - Other,1,State Highway Agency,1,This section IS ON the NHS,0,No Special Jurisdiction,99998,Not Reported,26.75406944,26.75406944,-80.95301944,-80.95301944,46,Traffic Signal Support,0,The First Harmful Event was Not a Collision with a Motor Vehicle in Transport,0,No,6,Railway Grade Crossing,1,Not an Intersection,1,On Roadway,0,None,3,Dark - Lighted,5,"Fog, Smog, Smoke",0,No,627695X,627695X,99,Unknown,99,Unknown,99,Unknown EMS Scene Arrival Hour,97,Officially Cancelled,99,Unknown,97,Officially Canceled,1
12,Florida,123016,1,1,1,1,0,1,1,97,OSCEOLA (97),0,NOT APPLICABLE,12,December,2,2,6,Friday,2022,23,11:00pm-11:59pm,50,50,US-17,NA,2,US Highway,2,Urban,3,Principal Arterial - Other,1,State Highway Agency,1,This section IS ON the NHS,0,No Special Jurisdiction,99998,Not Reported,28.26029444,28.26029444,-81.506975,-81.506975,9,Pedalcyclist,0,The First Harmful Event was Not a Collision with a Motor Vehicle in Transport,0,No,1,Non-Junction,1,Not an Intersection,1,On Roadway,0,None,3,Dark - Lighted,1,Clear,0,No,0000000,Not Applicable,99,Unknown,99,Unknown,99,Unknown EMS Scene Arrival Hour,99,Unknown EMS Scene Arrival Minutes,99,Unknown,99,Unknown EMS Hospital Arrival Time,1
12,Florida,123017,1,1,1,1,0,1,1,97,OSCEOLA (97),0,NOT APPLICABLE,12,December,6,6,3,Tuesday,2022,21,9:00pm-9:59pm,30,30,POINCIANA BLVD,US-192,6,Local Street - Municipality,2,Urban,7,Local,4,City or Municipal Highway Agency,0,This section IS NOT on the NHS,0,No Special Jurisdiction,99998,Not Reported,28.33301111,28.33301111,-81.4895,-81.4895,8,Pedestrian,0,The First Harmful Event was Not a Collision with a Motor Vehicle in Transport,0,No,3,Intersection-Related,2,Four-Way Intersection,1,On Roadway,0,None,3,Dark - Lighted,1,Clear,0,No,0000000,Not Applicable,99,Unknown,99,Unknown,99,Unknown EMS Scene Arrival Hour,99,Unknown EMS Scene Arrival Minutes,99,Unknown,99,Unknown EMS Hospital Arrival Time,1
12,Florida,123018,1,1,1,1,0,2,2,61,INDIAN RIVER (61),0,NOT APPLICABLE,12,December,9,9,6,Friday,2022,17,5:00pm-5:59pm,25,25,CR-605,NA,4,County Road,2,Urban,4,Minor Arterial,2,County Highway Agency,0,This section IS NOT on the NHS,0,No Special Jurisdiction,99998,Not Reported,27.6087,27.6087,-80.38841111,-80.38841111,9,Pedalcyclist,0,The First Harmful Event was Not a Collision with a Motor Vehicle in Transport,0,No,8,Driveway Access Related,1,Not an Intersection,1,On Roadway,0,None,1,Daylight,1,Clear,0,No,0000000,Not Applicable,99,Unknown,99,Unknown,99,Unknown EMS Scene Arrival Hour,99,Unknown EMS Scene Arrival Minutes,88,Not Applicable (Not Transported),88,Not Applicable (Not Transported),1
12,Florida,123019,1,1,1,1,0,1,1,95,ORANGE (95),0,NOT APPLICABLE,12,December,9,9,6,Friday,2022,19,7:00pm-7:59pm,22,22,SR-436,HANGING MOSS ROAD,3,State Highway,2,Urban,3,Principal Arterial - Other,1,State Highway Agency,1,This section IS ON the NHS,0,No Special Jurisdiction,99998,Not Reported,28.57891111,28.57891111,-81.30888056,-81.30888056,8,Pedestrian,0,The First Harmful Event was Not a Collision with a Motor Vehicle in Transport,0,No,3,Intersection-Related,3,T-Intersection,1,On Roadway,0,None,3,Dark - Lighted,1,Clear,0,No,0000000,Not Applicable,99,Unknown,99,Unknown,99,Unknown EMS Scene Arrival Hour,99,Unknown EMS Scene Arrival Minutes,99,Unknown,99,Unknown EMS Hospital Arrival Time,1
12,Florida,123020,1,1,1,1,0,1,1,99,PALM BEACH (99),3190,WEST PALM BEACH,12,December,9,9,6,Friday,2022,17,5:00pm-5:59pm,7,7,SR-704,NA,3,State Highway,2,Urban,3,Principal Arterial - Other,1,State Highway Agency,1,This section IS ON the NHS,0,No Special Jurisdiction,99998,Not Reported,26.70905278,26.70905278,-80.18564167,-80.18564167,9,Pedalcyclist,0,The First Harmful Event was Not a Collision with a Motor Vehicle in Transport,0,No,1,Non-Junction,1,Not an Intersection,4,On Roadside,0,None,1,Daylight,1,Clear,0,No,0000000,Not Applicable,99,Unknown,99,Unknown,99,Unknown EMS Scene Arrival Hour,99,Unknown EMS Scene Arrival Minutes,88,Not Applicable (Not Transported),88,Not Applicable (Not Transported),1
12,Florida,123021,0,0,2,2,0,2,2,95,ORANGE (95),0,NOT APPLICABLE,12,December,11,11,1,Sunday,2022,14,2:00pm-2:59pm,40,40,PALM PARKWAY,NA,6,Local Street - Municipality,2,Urban,4,Minor Arterial,4,City or Municipal Highway Agency,0,This section IS NOT on the NHS,0,No Special Jurisdiction,99998,Not Reported,28.40769167,28.40769167,-81.480475,-81.480475,12,Motor Vehicle In-Transport,2,Front-to-Front,0,No,1,Non-Junction,1,Not an Intersection,1,On Roadway,0,None,1,Daylight,1,Clear,0,No,0000000,Not Applicable,99,Unknown,99,Unknown,99,Unknown EMS Scene Arrival Hour,99,Unknown EMS Scene Arrival Minutes,99,Unknown,99,Unknown EMS Hospital Arrival Time,2
12,Florida,123023,0,0,1,1,0,2,2,105,POLK (105),0,NOT APPLICABLE,10,October,1,1,7,Saturday,2022,6,6:00am-6:59am,11,11,OLD BARTOW LAKE WALES RD,NA,8,Other,1,Rural,7,Local,4,City or Municipal Highway Agency,0,This section IS NOT on the NHS,0,No Special Jurisdiction,99998,Not Reported,27.92356667,27.92356667,-81.696775,-81.696775,18,Other Object (not fixed),0,The First Harmful Event was Not a Collision with a Motor Vehicle in Transport,0,No,1,Non-Junction,1,Not an Intersection,1,On Roadway,0,None,2,Dark - Not Lighted,1,Clear,0,No,0000000,Not Applicable,99,Unknown,99,Unknown,99,Unknown EMS Scene Arrival Hour,99,Unknown EMS Scene Arrival Minutes,99,Unknown,99,Unknown EMS Hospital Arrival Time,1
12,Florida,123024,2,3,3,1,2,3,2,86,MIAMI-DADE (86),0,NOT APPLICABLE,11,November,19,19,7,Saturday,2022,23,11:00pm-11:59pm,57,57,SR-41,NA,3,State Highway,2,Urban,3,Principal Arterial - Other,1,State Highway Agency,1,This section IS ON the NHS,0,No Special Jurisdiction,99998,Not Reported,25.7619,25.7619,-80.34414444,-80.34414444,14,Parked Motor Vehicle,0,The First Harmful Event was Not a Collision with a Motor Vehicle in Transport,0,No,1,Non-Junction,1,Not an Intersection,1,On Roadway,0,None,3,Dark - Lighted,1,Clear,0,No,0000000,Not Applicable,99,Unknown,99,Unknown,99,Unknown EMS Scene Arrival Hour,99,Unknown EMS Scene Arrival Minutes,99,Unknown,99,Unknown EMS Hospital Arrival Time,1
12,Florida,123025,0,0,2,2,0,2,2,81,MANATEE (81),0,NOT APPLICABLE,12,December,2,2,6,Friday,2022,14,2:00pm-2:59pm,10,10,SR-684,7TH STREET,3,State Highway,2,Urban,3,Principal Arterial - Other,1,State Highway Agency,0,This section IS NOT on the NHS,0,No Special Jurisdiction,99998,Not Reported,27.46371944,27.46371944,-82.66946111,-82.66946111,12,Motor Vehicle In-Transport,6,Angle,0,No,2,Intersection,3,T-Intersection,1,On Roadway,0,None,1,Daylight,1,Clear,0,No,0000000,Not Applicable,99,Unknown,99,Unknown,99,Unknown EMS Scene Arrival Hour,99,Unknown EMS Scene Arrival Minutes,99,Unknown,99,Unknown EMS Hospital Arrival Time,1
12,Florida,123026,0,0,2,2,0,2,2,99,PALM BEACH (99),1750,LAKE WORTH,12,December,2,2,6,Friday,2022,3,3:00am-3:59am,58,58,I-95,NA,1,Interstate,2,Urban,1,Interstate,1,State Highway Agency,1,This section IS ON the NHS,0,No Special Jurisdiction,99998,Not Reported,26.6158,26.6158,-80.06845833,-80.06845833,12,Motor Vehicle In-Transport,2,Front-to-Front,0,No,1,Non-Junction,1,Not an Intersection,1,On Roadway,0,None,3,Dark - Lighted,1,Clear,0,No,0000000,Not Applicable,99,Unknown,99,Unknown,99,Unknown EMS Scene Arrival Hour,99,Unknown EMS Scene Arrival Minutes,99,Unknown,99,Unknown EMS Hospital Arrival Time,1
12,Florida,123028,1,1,1,1,0,1,1,127,VOLUSIA (127),2375,ORMOND BEACH,11,November,21,21,2,Monday,2022,18,6:00pm-6:59pm,50,50,SR-5A,NA,3,State Highway,2,Urban,3,Principal Arterial - Other,1,State Highway Agency,1,This section IS ON the NHS,0,No Special Jurisdiction,99998,Not Reported,29.27705833,29.27705833,-81.08280833,-81.08280833,8,Pedestrian,0,The First Harmful Event was Not a Collision with a Motor Vehicle in Transport,0,No,1,Non-Junction,1,Not an Intersection,1,On Roadway,0,None,3,Dark - Lighted,1,Clear,0,No,0000000,Not Applicable,99,Unknown,99,Unknown,99,Unknown EMS Scene Arrival Hour,99,Unknown EMS Scene Arrival Minutes,99,Unknown,99,Unknown EMS Hospital Arrival Time,1
12,Florida,123029,0,0,3,3,0,7,7,105,POLK (105),0,NOT APPLICABLE,12,December,3,3,7,Saturday,2022,7,7:00am-7:59am,56,56,SR-60 W,NA,3,State Highway,2,Urban,3,Principal Arterial - Other,1,State Highway Agency,0,This section IS NOT on the NHS,0,No Special Jurisdiction,99998,Not Reported,27.90133611,27.90133611,-81.65265278,-81.65265278,12,Motor Vehicle In-Transport,6,Angle,0,No,1,Non-Junction,1,Not an Intersection,1,On Roadway,0,None,1,Daylight,1,Clear,0,No,0000000,Not Applicable,99,Unknown,99,Unknown,99,Unknown EMS Scene Arrival Hour,99,Unknown EMS Scene Arrival Minutes,99,Unknown,99,Unknown EMS Hospital Arrival Time,2
12,Florida,123030,1,1,1,1,0,1,1,57,HILLSBOROUGH (57),1847,LUTZ,12,December,6,6,3,Tuesday,2022,17,5:00pm-5:59pm,55,55,US-41,NA,2,US Highway,2,Urban,3,Principal Arterial - Other,1,State Highway Agency,1,This section IS ON the NHS,0,No Special Jurisdiction,99998,Not Reported,28.13919722,28.13919722,-82.46296111,-82.46296111,8,Pedestrian,0,The First Harmful Event was Not a Collision with a Motor Vehicle in Transport,0,No,1,Non-Junction,1,Not an Intersection,1,On Roadway,0,None,5,Dusk,1,Clear,0,No,0000000,Not Applicable,17,5:00pm-5:59pm,54,54,18,6:00pm-6:59pm,0,0,99,Unknown,99,Unknown EMS Hospital Arrival Time,1
12,Florida,123031,0,0,2,2,0,4,4,103,PINELLAS (103),2730,SAINT PETERSBURG,12,December,7,7,4,Wednesday,2022,21,9:00pm-9:59pm,24,24,1ST AVE N,42ND ST N,6,Local Street - Municipality,2,Urban,4,Minor Arterial,4,City or Municipal Highway Agency,0,This section IS NOT on the NHS,0,No Special Jurisdiction,99998,Not Reported,27.77183333,27.77183333,-82.69025,-82.69025,12,Motor Vehicle In-Transport,6,Angle,0,No,2,Intersection,2,Four-Way Intersection,1,On Roadway,0,None,3,Dark - Lighted,1,Clear,0,No,0000000,Not Applicable,99,Unknown,99,Unknown,99,Unknown EMS Scene Arrival Hour,99,Unknown EMS Scene Arrival Minutes,88,Not Applicable (Not Transported),88,Not Applicable (Not Transported),1
12,Florida,123032,0,0,1,1,0,1,1,103,PINELLAS (103),2730,SAINT PETERSBURG,12,December,7,7,4,Wednesday,2022,12,12:00pm-12:59pm,40,40,CENTRAL AVE,NA,6,Local Street - Municipality,2,Urban,4,Minor Arterial,3,Town or Township Highway Agency,0,This section IS NOT on the NHS,0,No Special Jurisdiction,99998,Not Reported,27.77081111,27.77081111,-82.71943333,-82.71943333,33,Curb,0,The First Harmful Event was Not a Collision with a Motor Vehicle in Transport,0,No,1,Non-Junction,1,Not an Intersection,4,On Roadside,0,None,1,Daylight,1,Clear,0,No,0000000,Not Applicable,99,Unknown,99,Unknown,99,Unknown EMS Scene Arrival Hour,99,Unknown EMS Scene Arrival Minutes,99,Unknown,99,Unknown EMS Hospital Arrival Time,1
12,Florida,123033,0,0,2,2,0,2,2,115,SARASOTA (115),2780,SARASOTA,10,October,17,17,2,Monday,2022,19,7:00pm-7:59pm,18,18,DR MLK JR WAY,LINKS AVE,6,Local Street - Municipality,2,Urban,6,Minor Collector,2,County Highway Agency,0,This section IS NOT on the NHS,0,No Special Jurisdiction,99998,Not Reported,27.35965833,27.35965833,-82.53380278,-82.53380278,12,Motor Vehicle In-Transport,2,Front-to-Front,0,No,2,Intersection,2,Four-Way Intersection,1,On Roadway,0,None,3,Dark - Lighted,1,Clear,0,No,0000000,Not Applicable,99,Unknown,99,Unknown,99,Unknown EMS Scene Arrival Hour,99,Unknown EMS Scene Arrival Minutes,99,Unknown,99,Unknown EMS Hospital Arrival Time,1
12,Florida,123034,1,1,1,1,0,1,1,71,LEE (71),312,BONITA SPRINGS,12,December,10,10,7,Saturday,2022,18,6:00pm-6:59pm,17,17,BONITA BEACH RD SE,NA,6,Local Street - Municipality,2,Urban,4,Minor Arterial,4,City or Municipal Highway Agency,0,This section IS NOT on the NHS,0,No Special Jurisdiction,99998,Not Reported,26.33111389,26.33111389,-81.78229444,-81.78229444,8,Pedestrian,0,The First Harmful Event was Not a Collision with a Motor Vehicle in Transport,0,No,1,Non-Junction,1,Not an Intersection,1,On Roadway,0,None,2,Dark - Not Lighted,1,Clear,0,No,0000000,Not Applicable,99,Unknown,99,Unknown,99,Unknown EMS Scene Arrival Hour,99,Unknown EMS Scene Arrival Minutes,99,Unknown,99,Unknown EMS Hospital Arrival Time,1
12,Florida,123035,1,1,1,1,0,1,1,83,MARION (83),0,NOT APPLICABLE,12,December,13,13,3,Tuesday,2022,4,4:00am-4:59am,35,35,CR-316,NA,4,County Road,1,Rural,5,Major Collector,2,County Highway Agency,1,This section IS ON the NHS,0,No Special Jurisdiction,99998,Not Reported,29.37179444,29.37179444,-81.91496389,-81.91496389,9,Pedalcyclist,0,The First Harmful Event was Not a Collision with a Motor Vehicle in Transport,0,No,1,Non-Junction,1,Not an Intersection,1,On Roadway,0,None,2,Dark - Not Lighted,5,"Fog, Smog, Smoke",0,No,0000000,Not Applicable,99,Unknown,99,Unknown,99,Unknown EMS Scene Arrival Hour,99,Unknown EMS Scene Arrival Minutes,88,Not Applicable (Not Transported),88,Not Applicable (Not Transported),1
12,Florida,123036,0,0,1,1,0,1,1,31,DUVAL (31),1510,JACKSONVILLE,12,December,13,13,3,Tuesday,2022,14,2:00pm-2:59pm,23,23,SR-228,NA,3,State Highway,2,Urban,2,Principal Arterial - Other Freeways and Expressways,4,City or Municipal Highway Agency,0,This section IS NOT on the NHS,0,No Special Jurisdiction,99998,Not Reported,30.30264444,30.30264444,-81.61210556,-81.61210556,25,Concrete Traffic Barrier,0,The First Harmful Event was Not a Collision with a Motor Vehicle in Transport,1,Yes,5,Entrance/Exit Ramp Related,1,Not an Intersection,4,On Roadside,0,None,1,Daylight,1,Clear,0,No,0000000,Not Applicable,99,Unknown,99,Unknown,99,Unknown EMS Scene Arrival Hour,99,Unknown EMS Scene Arrival Minutes,99,Unknown,99,Unknown EMS Hospital Arrival Time,1
12,Florida,123037,1,1,1,1,0,3,3,105,POLK (105),0,NOT APPLICABLE,9,September,22,22,5,Thursday,2022,1,1:00am-1:59am,30,30,OTTO POLK RD,NA,8,Other,1,Rural,7,Local,4,City or Municipal Highway Agency,0,This section IS NOT on the NHS,0,No Special Jurisdiction,99998,Not Reported,27.70135556,27.70135556,-81.58216111,-81.58216111,8,Pedestrian,0,The First Harmful Event was Not a Collision with a Motor Vehicle in Transport,0,No,1,Non-Junction,1,Not an Intersection,1,On Roadway,0,None,2,Dark - Not Lighted,1,Clear,0,No,0000000,Not Applicable,99,Unknown,99,Unknown,99,Unknown EMS Scene Arrival Hour,99,Unknown EMS Scene Arrival Minutes,88,Not Applicable (Not Transported),88,Not Applicable (Not Transported),1
12,Florida,123038,0,0,2,2,0,2,2,95,ORANGE (95),0,NOT APPLICABLE,10,October,29,29,7,Saturday,2022,19,7:00pm-7:59pm,16,16,SR-91 FLORIDAS TPKE,NA,3,State Highway,2,Urban,2,Principal Arterial - Other Freeways and Expressways,1,State Highway Agency,1,This section IS ON the NHS,0,No Special Jurisdiction,99998,Not Reported,28.41688889,28.41688889,-81.39186944,-81.39186944,12,Motor Vehicle In-Transport,1,Front-to-Rear,0,No,1,Non-Junction,1,Not an Intersection,1,On Roadway,0,None,5,Dusk,1,Clear,0,No,0000000,Not Applicable,99,Unknown,99,Unknown,99,Unknown EMS Scene Arrival Hour,99,Unknown EMS Scene Arrival Minutes,99,Unknown,99,Unknown EMS Hospital Arrival Time,1
12,Florida,123039,0,1,2,1,1,2,1,117,SEMINOLE (117),2770,SANFORD,11,November,4,4,6,Friday,2022,14,2:00pm-2:59pm,50,50,I-4,NA,1,Interstate,2,Urban,1,Interstate,1,State Highway Agency,1,This section IS ON the NHS,0,No Special Jurisdiction,99998,Not Reported,28.80919722,28.80919722,-81.338725,-81.338725,14,Parked Motor Vehicle,0,The First Harmful Event was Not a Collision with a Motor Vehicle in Transport,0,No,1,Non-Junction,1,Not an Intersection,1,On Roadway,4,"Work Zone, Type Unknown",1,Daylight,1,Clear,0,No,0000000,Not Applicable,99,Unknown,99,Unknown,99,Unknown EMS Scene Arrival Hour,99,Unknown EMS Scene Arrival Minutes,88,Not Applicable (Not Transported),88,Not Applicable (Not Transported),1
12,Florida,123040,1,1,1,1,0,2,2,105,POLK (105),1690,LAKELAND,11,November,7,7,2,Monday,2022,22,10:00pm-10:59pm,55,55,US-98,NA,2,US Highway,2,Urban,3,Principal Arterial - Other,1,State Highway Agency,1,This section IS ON the NHS,0,No Special Jurisdiction,99998,Not Reported,77.7777,77.7777,777.7777,777.7777,8,Pedestrian,0,The First Harmful Event was Not a Collision with a Motor Vehicle in Transport,0,No,1,Non-Junction,1,Not an Intersection,1,On Roadway,0,None,2,Dark - Not Lighted,1,Clear,0,No,0000000,Not Applicable,99,Unknown,99,Unknown,99,Unknown EMS Scene Arrival Hour,97,Officially Cancelled,99,Unknown,97,Officially Canceled,1
12,Florida,123041,0,0,1,1,0,1,1,69,LAKE (69),3030,UMATILLA,11,November,10,10,5,Thursday,2022,21,9:00pm-9:59pm,0,0,W 4TH AVE,W 8TH ST,5,Local Street - Township,1,Rural,7,Local,2,County Highway Agency,0,This section IS NOT on the NHS,0,No Special Jurisdiction,99998,Not Reported,28.94409722,28.94409722,-81.63809722,-81.63809722,42,Tree (Standing Only),0,The First Harmful Event was Not a Collision with a Motor Vehicle in Transport,0,No,3,Intersection-Related,3,T-Intersection,4,On Roadside,0,None,2,Dark - Not Lighted,10,Cloudy,0,No,0000000,Not Applicable,99,Unknown,99,Unknown,99,Unknown EMS Scene Arrival Hour,99,Unknown EMS Scene Arrival Minutes,99,Unknown,99,Unknown EMS Hospital Arrival Time,1
12,Florida,123042,0,0,2,2,0,2,2,57,HILLSBOROUGH (57),0,NOT APPLICABLE,11,November,30,30,4,Wednesday,2022,19,7:00pm-7:59pm,15,15,US-301,SR-618 RAMP,2,US Highway,2,Urban,3,Principal Arterial - Other,1,State Highway Agency,1,This section IS ON the NHS,0,No Special Jurisdiction,99998,Not Reported,27.93086667,27.93086667,-82.35133611,-82.35133611,12,Motor Vehicle In-Transport,6,Angle,0,No,2,Intersection,2,Four-Way Intersection,1,On Roadway,0,None,3,Dark - Lighted,10,Cloudy,0,No,0000000,Not Applicable,99,Unknown,99,Unknown,99,Unknown EMS Scene Arrival Hour,99,Unknown EMS Scene Arrival Minutes,99,Unknown,99,Unknown EMS Hospital Arrival Time,1
12,Florida,123043,0,0,1,1,0,1,1,7,BRADFORD (7),0,NOT APPLICABLE,12,December,3,3,7,Saturday,2022,21,9:00pm-9:59pm,17,17,US-301,US-301A,2,US Highway,1,Rural,3,Principal Arterial - Other,1,State Highway Agency,1,This section IS ON the NHS,0,No Special Jurisdiction,99998,Not Reported,29.910438889999998,29.910438889999998,-82.13456111,-82.13456111,35,Embankment,0,The First Harmful Event was Not a Collision with a Motor Vehicle in Transport,0,No,3,Intersection-Related,2,Four-Way Intersection,4,On Roadside,0,None,3,Dark - Lighted,1,Clear,0,No,0000000,Not Applicable,99,Unknown,99,Unknown,99,Unknown EMS Scene Arrival Hour,99,Unknown EMS Scene Arrival Minutes,99,Unknown,99,Unknown EMS Hospital Arrival Time,1
12,Florida,123044,0,0,1,1,0,1,1,31,DUVAL (31),1510,JACKSONVILLE,12,December,4,4,1,Sunday,2022,15,3:00pm-3:59pm,18,18,SR-202,NA,3,State Highway,2,Urban,1,Interstate,1,State Highway Agency,1,This section IS ON the NHS,0,No Special Jurisdiction,99998,Not Reported,30.25052222,30.25052222,-81.51580833,-81.51580833,25,Concrete Traffic Barrier,0,The First Harmful Event was Not a Collision with a Motor Vehicle in Transport,1,Yes,5,Entrance/Exit Ramp Related,1,Not an Intersection,4,On Roadside,0,None,1,Daylight,1,Clear,0,No,0000000,Not Applicable,99,Unknown,99,Unknown,99,Unknown EMS Scene Arrival Hour,99,Unknown EMS Scene Arrival Minutes,99,Unknown,99,Unknown EMS Hospital Arrival Time,1
12,Florida,123045,0,0,1,1,0,1,1,23,COLUMBIA (23),0,NOT APPLICABLE,12,December,5,5,2,Monday,2022,20,8:00pm-8:59pm,50,50,I-10 RAMP,NA,1,Interstate,1,Rural,1,Interstate,1,State Highway Agency,1,This section IS ON the NHS,0,No Special Jurisdiction,99998,Not Reported,30.24590278,30.24590278,-82.67643333,-82.67643333,59,Traffic Sign Support,0,The First Harmful Event was Not a Collision with a Motor Vehicle in Transport,1,Yes,5,Entrance/Exit Ramp Related,1,Not an Intersection,4,On Roadside,0,None,3,Dark - Lighted,10,Cloudy,0,No,0000000,Not Applicable,99,Unknown,99,Unknown,99,Unknown EMS Scene Arrival Hour,99,Unknown EMS Scene Arrival Minutes,88,Not Applicable (Not Transported),88,Not Applicable (Not Transported),1
12,Florida,123046,0,1,2,1,1,2,1,99,PALM BEACH (99),330,BOYNTON BEACH,12,December,7,7,4,Wednesday,2022,18,6:00pm-6:59pm,0,0,I-95,NA,1,Interstate,2,Urban,1,Interstate,1,State Highway Agency,1,This section IS ON the NHS,0,No Special Jurisdiction,99998,Not Reported,26.52579444,26.52579444,-80.07256389,-80.07256389,14,Parked Motor Vehicle,0,The First Harmful Event was Not a Collision with a Motor Vehicle in Transport,1,Yes,5,Entrance/Exit Ramp Related,1,Not an Intersection,4,On Roadside,0,None,3,Dark - Lighted,1,Clear,0,No,0000000,Not Applicable,99,Unknown,99,Unknown,99,Unknown EMS Scene Arrival Hour,99,Unknown EMS Scene Arrival Minutes,88,Not Applicable (Not Transported),88,Not Applicable (Not Transported),1
12,Florida,123047,1,1,1,1,0,1,1,83,MARION (83),0,NOT APPLICABLE,12,December,7,7,4,Wednesday,2022,14,2:00pm-2:59pm,40,40,SR-35,NA,3,State Highway,2,Urban,4,Minor Arterial,1,State Highway Agency,1,This section IS ON the NHS,0,No Special Jurisdiction,99998,Not Reported,29.16251111,29.16251111,-82.0535,-82.0535,8,Pedestrian,0,The First Harmful Event was Not a Collision with a Motor Vehicle in Transport,0,No,1,Non-Junction,1,Not an Intersection,1,On Roadway,0,None,1,Daylight,1,Clear,0,No,0000000,Not Applicable,99,Unknown,99,Unknown,99,Unknown EMS Scene Arrival Hour,99,Unknown EMS Scene Arrival Minutes,99,Unknown,99,Unknown EMS Hospital Arrival Time,1
12,Florida,123048,0,0,2,2,0,2,2,57,HILLSBOROUGH (57),2950,TAMPA,12,December,10,10,7,Saturday,2022,11,11:00am-11:59am,40,40,SR-676,NA,3,State Highway,2,Urban,3,Principal Arterial - Other,1,State Highway Agency,0,This section IS NOT on the NHS,0,No Special Jurisdiction,99998,Not Reported,27.92841111,27.92841111,-82.42496389,-82.42496389,12,Motor Vehicle In-Transport,6,Angle,0,No,8,Driveway Access Related,1,Not an Intersection,1,On Roadway,0,None,1,Daylight,1,Clear,0,No,0000000,Not Applicable,99,Unknown,99,Unknown,99,Unknown EMS Scene Arrival Hour,99,Unknown EMS Scene Arrival Minutes,88,Not Applicable (Not Transported),88,Not Applicable (Not Transported),1