STATE,STATENAME,ST_CASE,PEDS,PERNOTMVIT,VE_TOTAL,VE_FORMS,PVH_INVL,PERSONS,PERMVIT,COUNTY,COUNTYNAME,CITY,CITYNAME,MONTH,MONTHNAME,DAY,DAYNAME,DAY_WEEK,DAY_WEEKNAME,YEAR,HOUR,HOURNAME,MINUTE,MINUTENAME,TWAY_ID,TWAY_ID2,ROUTE,ROUTENAME,RUR_URB,RUR_URBNAME,FUNC_SYS,FUNC_SYSNAME,RD_OWNER,RD_OWNERNAME,NHS,NHSNAME,SP_JUR,SP_JURNAME,MILEPT,MILEPTNAME,LATITUDE,LATITUDENAME,LONGITUD,LONGITUDNAME,HARM_EV,HARM_EVNAME,MAN_COLL,MAN_COLLNAME,RELJCT1,RELJCT1NAME,RELJCT2,RELJCT2NAME,TYP_INT,TYP_INTNAME,REL_ROAD,REL_ROADNAME,WRK_ZONE,WRK_ZONENAME,LGT_COND,LGT_CONDNAME,WEATHER,WEATHERNAME,SCH_BUS,SCH_BUSNAME,RAIL,RAILNAME,NOT_HOUR,NOT_HOURNAME,NOT_MIN,NOT_MINNAME,ARR_HOUR,ARR_HOURNAME,ARR_MIN,ARR_MINNAME,HOSP_HR,HOSP_HRNAME,HOSP_MN,HOSP_MNNAME,FATALS
12,Florida,123202,0,0,2,2,0,3,3,97,OSCEOLA (97),2700,SAINT CLOUD,12,December,23,23,6,Friday,2022,14,2:00pm-2:59pm,13,13,VERMONT AVE,3RD ST,6,Local Street - Municipality,2,Urban,7,Local,3,Town or Township Highway Agency,0,This section IS NOT on the NHS,0,No Special Jurisdiction,99998,Not Reported,28.25653611,28.25653611,-81.292475,-81.292475,12,Motor Vehicle In-Transport,6,Angle,0,No,2,Intersection,2,Four-Way Intersection,1,On Roadway,0,None,1,Daylight,1,Clear,0,No,0000000,Not Applicable,99,Unknown,99,Unknown,99,Unknown EMS Scene Arrival Hour,99,Unknown EMS Scene Arrival Minutes,88,Not Applicable (Not Transported),88,Not Applicable (Not Transported),1
12,Florida,123203,1,1,1,1,0,1,1,71,LEE (71),312,BONITA SPRINGS,12,December,23,23,6,Friday,2022,19,7:00pm-7:59pm,6,6,CR-887 OLD 41 RD,NA,4,County Road,2,Urban,5,Major Collector,2,County Highway Agency,0,This section IS NOT on the NHS,0,No Special Jurisdiction,99998,Not Reported,26.32560278,26.32560278,-81.78284722,-81.78284722,8,Pedestrian,0,The First Harmful Event was Not a Collision with a Motor Vehicle in Transport,0,No,1,Non-Junction,1,Not an Intersection,1,On Roadway,0,None,2,Dark - Not Lighted,1,Clear,0,No,0000000,Not Applicable,99,Unknown,99,Unknown,99,Unknown EMS Scene Arrival Hour,99,Unknown EMS Scene Arrival Minutes,88,Not Applicable (Not Transported),88,Not Applicable (Not Transported),1
12,Florida,123204,0,0,2,2,0,5,5,33,ESCAMBIA (33),0,NOT APPLICABLE,12,December,25,25,1,Sunday,2022,0,0:00am-0:59am,15,15,SR-292,NA,3,State Highway,2,Urban,3,Principal Arterial - Other,1,State Highway Agency,0,This section IS NOT on the NHS,0,No Special Jurisdiction,99998,Not Reported,30.38675,30.38675,-87.29071111,-87.29071111,12,Motor Vehicle In-Transport,6,Angle,0,No,1,Non-Junction,1,Not an Intersection,1,On Roadway,0,None,2,Dark - Not Lighted,1,Clear,0,No,0000000,Not Applicable,99,Unknown,99,Unknown,99,Unknown EMS Scene Arrival Hour,99,Unknown EMS Scene Arrival Minutes,99,Unknown,99,Unknown EMS Hospital Arrival Time,4
12,Florida,123205,0,0,2,2,0,2,2,99,PALM BEACH (99),0,NOT APPLICABLE,9,September,20,20,3,Tuesday,2022,15,3:00pm-3:59pm,25,25,SR-808,NA,3,State Highway,2,Urban,3,Principal Arterial - Other,1,State Highway Agency,1,This section IS ON the NHS,0,No Special Jurisdiction,99998,Not Reported,26.36784722,26.36784722,-80.17384722,-80.17384722,12,Motor Vehicle In-Transport,6,Angle,0,No,1,Non-Junction,1,Not an Intersection,1,On Roadway,0,None,1,Daylight,1,Clear,0,No,0000000,Not Applicable,99,Unknown,99,Unknown,99,Unknown EMS Scene Arrival Hour,99,Unknown EMS Scene Arrival Minutes,99,Unknown,99,Unknown EMS Hospital Arrival Time,1
12,Florida,123206,0,0,1,1,0,1,1,63,JACKSON (63),0,NOT APPLICABLE,9,September,24,24,7,Saturday,2022,17,5:00pm-5:59pm,29,29,US-231,NA,2,US Highway,1,Rural,3,Principal Arterial - Other,1,State Highway Agency,1,This section IS ON the NHS,0,No Special Jurisdiction,99998,Not Reported,30.57615,30.57615,-85.38691667,-85.38691667,1,Rollover/Overturn,0,The First Harmful Event was Not a Collision with a Motor Vehicle in Transport,0,No,1,Non-Junction,1,Not an Intersection,1,On Roadway,0,None,1,Daylight,1,Clear,0,No,0000000,Not Applicable,99,Unknown,99,Unknown,99,Unknown EMS Scene Arrival Hour,99,Unknown EMS Scene Arrival Minutes,99,Unknown,99,Unknown EMS Hospital Arrival Time,1
12,Florida,123208,1,1,1,1,0,1,1,57,HILLSBOROUGH (57),2540,PLANT CITY,10,October,5,5,4,Wednesday,2022,0,0:00am-0:59am,16,16,CALHOUN ST E,NA,6,Local Street - Municipality,2,Urban,7,Local,4,City or Municipal Highway Agency,0,This section IS NOT on the NHS,0,No Special Jurisdiction,99998,Not Reported,28.02210278,28.02210278,-82.10618056,-82.10618056,8,Pedestrian,0,The First Harmful Event was Not a Collision with a Motor Vehicle in Transport,0,No,1,Non-Junction,1,Not an Intersection,1,On Roadway,0,None,2,Dark - Not Lighted,1,Clear,0,No,0000000,Not Applicable,99,Unknown,99,Unknown,99,Unknown EMS Scene Arrival Hour,99,Unknown EMS Scene Arrival Minutes,99,Unknown,99,Unknown EMS Hospital Arrival Time,1
12,Florida,123209,0,0,2,2,0,2,2,117,SEMINOLE (117),1705,LAKE MARY,10,October,13,13,5,Thursday,2022,10,10:00am-10:59am,28,28,RINEHART RD,PRIMERA BLVD,8,Other,2,Urban,5,Major Collector,2,County Highway Agency,0,This section IS NOT on the NHS,0,No Special Jurisdiction,99998,Not Reported,28.76523056,28.76523056,-81.34724167,-81.34724167,12,Motor Vehicle In-Transport,6,Angle,0,No,2,Intersection,2,Four-Way Intersection,1,On Roadway,0,None,1,Daylight,10,Cloudy,0,No,0000000,Not Applicable,99,Unknown,99,Unknown,99,Unknown EMS Scene Arrival Hour,99,Unknown EMS Scene Arrival Minutes,99,Unknown,99,Unknown EMS Hospital Arrival Time,1
12,Florida,123211,1,1,1,1,0,1,1,117,SEMINOLE (117),2770,SANFORD,10,October,17,17,2,Monday,2022,19,7:00pm-7:59pm,40,40,SR-46,N WHITE CEDAR RD,3,State Highway,2,Urban,3,Principal Arterial - Other,1,State Highway Agency,1,This section IS ON the NHS,0,No Special Jurisdiction,99998,Not Reported,28.81148056,28.81148056,-81.314325,-81.314325,8,Pedestrian,0,The First Harmful Event was Not a Collision with a Motor Vehicle in Transport,0,No,3,Intersection-Related,3,T-Intersection,1,On Roadway,0,None,3,Dark - Lighted,1,Clear,0,No,0000000,Not Applicable,99,Unknown,99,Unknown,99,Unknown EMS Scene Arrival Hour,99,Unknown EMS Scene Arrival Minutes,99,Unknown,99,Unknown EMS Hospital Arrival Time,1
12,Florida,123212,0,0,1,1,0,1,1,127,VOLUSIA (127),0,NOT APPLICABLE,10,October,21,21,6,Friday,2022,19,7:00pm-7:59pm,11,11,MADISON AVE,NA,8,Other,2,Urban,6,Minor Collector,2,County Highway Agency,0,This section IS NOT on the NHS,0,No Special Jurisdiction,99998,Not Reported,29.21842222,29.21842222,-81.04207778,-81.04207778,5,Fell/Jumped from Vehicle,0,The First Harmful Event was Not a Collision with a Motor Vehicle in Transport,0,No,1,Non-Junction,1,Not an Intersection,1,On Roadway,0,None,5,Dusk,1,Clear,0,No,0000000,Not Applicable,99,Unknown,99,Unknown,99,Unknown EMS Scene Arrival Hour,99,Unknown EMS Scene Arrival Minutes,99,Unknown,99,Unknown EMS Hospital Arrival Time,1
12,Florida,123213,0,0,2,2,0,2,2,57,HILLSBOROUGH (57),0,NOT APPLICABLE,10,October,22,22,7,Saturday,2022,0,0:00am-0:59am,9,9,LUTZ LAKE FERN RD,SR-589 TOLL RAMP,6,Local Street - Municipality,2,Urban,5,Major Collector,4,City or Municipal Highway Agency,1,This section IS ON the NHS,0,No Special Jurisdiction,99998,Not Reported,28.1559,28.1559,-82.53542222,-82.53542222,12,Motor Vehicle In-Transport,6,Angle,1,Yes,2,Intersection,3,T-Intersection,1,On Roadway,0,None,3,Dark - Lighted,1,Clear,0,No,0000000,Not Applicable,99,Unknown,99,Unknown,99,Unknown EMS Scene Arrival Hour,99,Unknown EMS Scene Arrival Minutes,99,Unknown,99,Unknown EMS Hospital Arrival Time,1
12,Florida,123214,0,0,2,2,0,2,2,99,PALM BEACH (99),820,DELRAY BEACH,10,October,24,24,2,Monday,2022,11,11:00am-11:59am,9,9,SR-806,5136 SR-806,3,State Highway,2,Urban,3,Principal Arterial - Other,1,State Highway Agency,1,This section IS ON the NHS,0,No Special Jurisdiction,99998,Not Reported,26.45776389,26.45776389,-80.12496111,-80.12496111,12,Motor Vehicle In-Transport,6,Angle,0,No,2,Intersection,3,T-Intersection,1,On Roadway,0,None,1,Daylight,1,Clear,0,No,0000000,Not Applicable,99,Unknown,99,Unknown,99,Unknown EMS Scene Arrival Hour,99,Unknown EMS Scene Arrival Minutes,99,Unknown,99,Unknown EMS Hospital Arrival Time,1
12,Florida,123215,1,1,1,1,0,1,1,117,SEMINOLE (117),2770,SANFORD,10,October,29,29,7,Saturday,2022,19,7:00pm-7:59pm,48,48,CR-46A W 25TH ST,NA,4,County Road,2,Urban,4,Minor Arterial,2,County Highway Agency,0,This section IS NOT on the NHS,0,No Special Jurisdiction,99998,Not Reported,28.78659444,28.78659444,-81.28173889,-81.28173889,8,Pedestrian,0,The First Harmful Event was Not a Collision with a Motor Vehicle in Transport,0,No,1,Non-Junction,1,Not an Intersection,1,On Roadway,0,None,2,Dark - Not Lighted,1,Clear,0,No,0000000,Not Applicable,99,Unknown,99,Unknown,99,Unknown EMS Scene Arrival Hour,99,Unknown EMS Scene Arrival Minutes,99,Unknown,99,Unknown EMS Hospital Arrival Time,1
12,Florida,123216,0,0,2,2,0,2,2,71,LEE (71),1070,FORT MYERS,10,October,31,31,2,Monday,2022,1,1:00am-1:59am,26,26,METRO PKWY,NA,8,Other,2,Urban,3,Principal Arterial - Other,4,City or Municipal Highway Agency,0,This section IS NOT on the NHS,0,No Special Jurisdiction,99998,Not Reported,26.61197222,26.61197222,-81.85454444,-81.85454444,12,Motor Vehicle In-Transport,2,Front-to-Front,0,No,1,Non-Junction,1,Not an Intersection,1,On Roadway,0,None,3,Dark - Lighted,1,Clear,0,No,0000000,Not Applicable,99,Unknown,99,Unknown,99,Unknown EMS Scene Arrival Hour,99,Unknown EMS Scene Arrival Minutes,88,Not Applicable (Not Transported),88,Not Applicable (Not Transported),1
12,Florida,123217,0,0,2,2,0,2,2,71,LEE (71),0,NOT APPLICABLE,10,October,31,31,2,Monday,2022,12,12:00pm-12:59pm,47,47,COLLEGE PKWY,WATERFORD CIR,8,Other,2,Urban,4,Minor Arterial,4,City or Municipal Highway Agency,0,This section IS NOT on the NHS,0,No Special Jurisdiction,99998,Not Reported,26.55693611,26.55693611,-81.89359444,-81.89359444,12,Motor Vehicle In-Transport,6,Angle,0,No,2,Intersection,2,Four-Way Intersection,1,On Roadway,0,None,1,Daylight,1,Clear,0,No,0000000,Not Applicable,99,Unknown,99,Unknown,99,Unknown EMS Scene Arrival Hour,99,Unknown EMS Scene Arrival Minutes,99,Unknown,99,Unknown EMS Hospital Arrival Time,1
12,Florida,123218,0,0,2,2,0,2,2,5,BAY (5),2450,PANAMA CITY,11,November,1,1,3,Tuesday,2022,3,3:00am-3:59am,15,15,US-231,BAYOU GEORGE DR,2,US Highway,2,Urban,3,Principal Arterial - Other,1,State Highway Agency,1,This section IS ON the NHS,0,No Special Jurisdiction,99998,Not Reported,30.27058056,30.27058056,-85.526225,-85.526225,12,Motor Vehicle In-Transport,6,Angle,0,No,2,Intersection,3,T-Intersection,1,On Roadway,0,None,3,Dark - Lighted,10,Cloudy,0,No,0000000,Not Applicable,99,Unknown,99,Unknown,99,Unknown EMS Scene Arrival Hour,99,Unknown EMS Scene Arrival Minutes,88,Not Applicable (Not Transported),88,Not Applicable (Not Transported),1
12,Florida,123219,0,0,1,1,0,1,1,5,BAY (5),2450,PANAMA CITY,11,November,8,8,3,Tuesday,2022,17,5:00pm-5:59pm,10,10,COLLEGIATE DR,W HIGHWAY 98,6,Local Street - Municipality,2,Urban,7,Local,98,Not Reported,0,This section IS NOT on the NHS,0,No Special Jurisdiction,99998,Not Reported,30.18527222,30.18527222,-85.73059167,-85.73059167,46,Traffic Signal Support,0,The First Harmful Event was Not a Collision with a Motor Vehicle in Transport,0,No,3,Intersection-Related,2,Four-Way Intersection,4,On Roadside,0,None,3,Dark - Lighted,1,Clear,0,No,0000000,Not Applicable,99,Unknown,99,Unknown,99,Unknown EMS Scene Arrival Hour,99,Unknown EMS Scene Arrival Minutes,99,Unknown,99,Unknown EMS Hospital Arrival Time,1
12,Florida,123220,0,0,2,2,0,5,5,109,ST JOHNS (109),0,NOT APPLICABLE,11,November,12,12,7,Saturday,2022,12,12:00pm-12:59pm,43,43,PALM VALLEY RD,DAVIS PARK RD,8,Other,1,Rural,5,Major Collector,2,County Highway Agency,0,This section IS NOT on the NHS,0,No Special Jurisdiction,99998,Not Reported,30.12318056,30.12318056,-81.39945,-81.39945,12,Motor Vehicle In-Transport,6,Angle,0,No,2,Intersection,2,Four-Way Intersection,1,On Roadway,0,None,1,Daylight,1,Clear,0,No,0000000,Not Applicable,99,Unknown,99,Unknown,99,Unknown EMS Scene Arrival Hour,99,Unknown EMS Scene Arrival Minutes,99,Unknown,99,Unknown EMS Hospital Arrival Time,1
12,Florida,123221,0,0,2,2,0,2,2,11,BROWARD (11),2570,POMPANO BEACH,11,November,17,17,5,Thursday,2022,13,1:00pm-1:59pm,5,5,SR-814 W ATLANTIC BLVD,NW 23RD AV,3,State Highway,2,Urban,3,Principal Arterial - Other,1,State Highway Agency,1,This section IS ON the NHS,0,No Special Jurisdiction,99998,Not Reported,26.23141944,26.23141944,-80.15371389,-80.15371389,12,Motor Vehicle In-Transport,6,Angle,0,No,2,Intersection,3,T-Intersection,1,On Roadway,0,None,1,Daylight,1,Clear,0,No,0000000,Not Applicable,99,Unknown,99,Unknown,99,Unknown EMS Scene Arrival Hour,99,Unknown EMS Scene Arrival Minutes,99,Unknown,99,Unknown EMS Hospital Arrival Time,1
12,Florida,123222,0,0,2,2,0,2,2,35,FLAGLER (35),0,NOT APPLICABLE,12,December,28,28,4,Wednesday,2022,8,8:00am-8:59am,30,30,I-95,NA,1,Interstate,1,Rural,1,Interstate,1,State Highway Agency,1,This section IS ON the NHS,0,No Special Jurisdiction,99998,Not Reported,29.64061944,29.64061944,-81.27019167,-81.27019167,12,Motor Vehicle In-Transport,1,Front-to-Rear,0,No,1,Non-Junction,1,Not an Intersection,1,On Roadway,0,None,1,Daylight,1,Clear,0,No,0000000,Not Applicable,99,Unknown,99,Unknown,99,Unknown EMS Scene Arrival Hour,99,Unknown EMS Scene Arrival Minutes,88,Not Applicable (Not Transported),88,Not Applicable (Not Transported),1
12,Florida,123223,0,0,3,3,0,4,4,101,PASCO (101),0,NOT APPLICABLE,12,December,11,11,1,Sunday,2022,17,5:00pm-5:59pm,18,18,I-75,NA,1,Interstate,1,Rural,1,Interstate,1,State Highway Agency,1,This section IS ON the NHS,0,No Special Jurisdiction,99998,Not Reported,28.41742222,28.41742222,-82.29315278,-82.29315278,12,Motor Vehicle In-Transport,1,Front-to-Rear,0,No,1,Non-Junction,1,Not an Intersection,1,On Roadway,0,None,1,Daylight,1,Clear,0,No,0000000,Not Applicable,99,Unknown,99,Unknown,99,Unknown EMS Scene Arrival Hour,99,Unknown EMS Scene Arrival Minutes,99,Unknown,99,Unknown EMS Hospital Arrival Time,1
12,Florida,123224,0,0,1,1,0,1,1,121,SUWANNEE (121),0,NOT APPLICABLE,12,December,25,25,1,Sunday,2022,23,11:00pm-11:59pm,20,20,US-90,NA,2,US Highway,1,Rural,4,Minor Arterial,1,State Highway Agency,1,This section IS ON the NHS,0,No Special Jurisdiction,99998,Not Reported,30.37076111,30.37076111,-83.150530560000007,-83.150530560000007,42,Tree (Standing Only),0,The First Harmful Event was Not a Collision with a Motor Vehicle in Transport,0,No,1,Non-Junction,1,Not an Intersection,4,On Roadside,0,None,2,Dark - Not Lighted,1,Clear,0,No,0000000,Not Applicable,99,Unknown,99,Unknown,99,Unknown EMS Scene Arrival Hour,99,Unknown EMS Scene Arrival Minutes,88,Not Applicable (Not Transported),88,Not Applicable (Not Transported),1
12,Florida,123225,0,0,1,1,0,2,2,127,VOLUSIA (127),2190,NEW SMYRNA BEACH,12,December,23,23,6,Friday,2022,22,10:00pm-10:59pm,30,30,CR-4118 PIONEER TRL,NA,4,County Road,2,Urban,5,Major Collector,2,County Highway Agency,0,This section IS NOT on the NHS,0,No Special Jurisdiction,99998,Not Reported,29.02416111,29.02416111,-80.96778611,-80.96778611,53,Mail Box,0,The First Harmful Event was Not a Collision with a Motor Vehicle in Transport,0,No,1,Non-Junction,1,Not an Intersection,4,On Roadside,0,None,2,Dark - Not Lighted,1,Clear,0,No,0000000,Not Applicable,99,Unknown,99,Unknown,99,Unknown EMS Scene Arrival Hour,99,Unknown EMS Scene Arrival Minutes,99,Unknown,99,Unknown EMS Hospital Arrival Time,1
12,Florida,123226,0,0,1,1,0,6,6,11,BROWARD (11),771,DAVIE,11,November,12,12,7,Saturday,2022,10,10:00am-10:59am,50,50,I-75,NA,1,Interstate,2,Urban,1,Interstate,1,State Highway Agency,1,This section IS ON the NHS,0,No Special Jurisdiction,99998,Not Reported,26.09023889,26.09023889,-80.36334722,-80.36334722,24,Guardrail Face,0,The First Harmful Event was Not a Collision with a Motor Vehicle in Transport,1,Yes,19,Other location within Interchange Area,1,Not an Intersection,3,On Median,0,None,1,Daylight,1,Clear,0,No,0000000,Not Applicable,99,Unknown,99,Unknown,99,Unknown EMS Scene Arrival Hour,99,Unknown EMS Scene Arrival Minutes,99,Unknown,99,Unknown EMS Hospital Arrival Time,1
12,Florida,123227,0,0,1,1,0,1,1,117,SEMINOLE (117),0,NOT APPLICABLE,12,December,19,19,2,Monday,2022,15,3:00pm-3:59pm,41,41,AIRPORT BLVD,NA,6,Local Street - Municipality,2,Urban,4,Minor Arterial,3,Town or Township Highway Agency,0,This section IS NOT on the NHS,0,No Special Jurisdiction,99998,Not Reported,28.779675,28.779675,-81.29675833,-81.29675833,10,Railway Vehicle,0,The First Harmful Event was Not a Collision with a Motor Vehicle in Transport,0,No,6,Railway Grade Crossing,1,Not an Intersection,1,On Roadway,0,None,1,Daylight,1,Clear,0,No,9999999,Unknown,99,Unknown,99,Unknown,99,Unknown EMS Scene Arrival Hour,99,Unknown EMS Scene Arrival Minutes,88,Not Applicable (Not Transported),88,Not Applicable (Not Transported),1
12,Florida,123228,0,0,2,2,0,2,2,93,OKEECHOBEE (93),0,NOT APPLICABLE,12,December,20,20,3,Tuesday,2022,17,5:00pm-5:59pm,48,48,US-98,NA,2,US Highway,2,Urban,3,Principal Arterial - Other,1,State Highway Agency,1,This section IS ON the NHS,0,No Special Jurisdiction,99998,Not Reported,27.31605833,27.31605833,-80.91048889,-80.91048889,12,Motor Vehicle In-Transport,2,Front-to-Front,0,No,1,Non-Junction,1,Not an Intersection,1,On Roadway,0,None,3,Dark - Lighted,2,Rain,0,No,0000000,Not Applicable,99,Unknown,99,Unknown,99,Unknown EMS Scene Arrival Hour,99,Unknown EMS Scene Arrival Minutes,99,Unknown,99,Unknown EMS Hospital Arrival Time,1
12,Florida,123229,1,1,2,2,0,7,7,69,LAKE (69),1820,LEESBURG,12,December,25,25,1,Sunday,2022,19,7:00pm-7:59pm,44,44,SR-44,EUCLID AVE,3,State Highway,2,Urban,3,Principal Arterial - Other,1,State Highway Agency,0,This section IS NOT on the NHS,0,No Special Jurisdiction,99998,Not Reported,28.80614167,28.80614167,-81.88136944,-81.88136944,8,Pedestrian,0,The First Harmful Event was Not a Collision with a Motor Vehicle in Transport,0,No,3,Intersection-Related,3,T-Intersection,1,On Roadway,0,None,3,Dark - Lighted,1,Clear,0,No,0000000,Not Applicable,99,Unknown,99,Unknown,99,Unknown EMS Scene Arrival Hour,99,Unknown EMS Scene Arrival Minutes,88,Not Applicable (Not Transported),88,Not Applicable (Not Transported),1
12,Florida,123230,1,1,1,1,0,1,1,11,BROWARD (11),2570,POMPANO BEACH,12,December,16,16,6,Friday,2022,2,2:00am-2:59am,54,54,SR-814 W ATLANTIC BLVD,N POWERLINE RD,3,State Highway,2,Urban,3,Principal Arterial - Other,1,State Highway Agency,1,This section IS ON the NHS,0,No Special Jurisdiction,99998,Not Reported,26.23130833,26.23130833,-80.15649722,-80.15649722,8,Pedestrian,0,The First Harmful Event was Not a Collision with a Motor Vehicle in Transport,0,No,3,Intersection-Related,2,Four-Way Intersection,1,On Roadway,0,None,3,Dark - Lighted,1,Clear,0,No,0000000,Not Applicable,99,Unknown,99,Unknown,99,Unknown EMS Scene Arrival Hour,99,Unknown EMS Scene Arrival Minutes,99,Unknown,99,Unknown EMS Hospital Arrival Time,1
12,Florida,123231,0,0,1,1,0,2,2,119,SUMTER (119),0,NOT APPLICABLE,12,December,18,18,1,Sunday,2022,1,1:00am-1:59am,10,10,SR-50,NA,3,State Highway,1,Rural,3,Principal Arterial - Other,1,State Highway Agency,1,This section IS ON the NHS,0,No Special Jurisdiction,99998,Not Reported,28.56585,28.56585,-82.01996111,-82.01996111,1,Rollover/Overturn,0,The First Harmful Event was Not a Collision with a Motor Vehicle in Transport,0,No,1,Non-Junction,1,Not an Intersection,6,Off Roadway-Location Unknown,0,None,2,Dark - Not Lighted,1,Clear,0,No,0000000,Not Applicable,99,Unknown,99,Unknown,99,Unknown EMS Scene Arrival Hour,99,Unknown EMS Scene Arrival Minutes,99,Unknown,99,Unknown EMS Hospital Arrival Time,1
12,Florida,123232,0,0,2,2,0,3,3,119,SUMTER (119),0,NOT APPLICABLE,12,December,20,20,3,Tuesday,2022,18,6:00pm-6:59pm,55,55,SR-44,I-75 RAMP,3,State Highway,1,Rural,3,Principal Arterial - Other,1,State Highway Agency,1,This section IS ON the NHS,0,No Special Jurisdiction,99998,Not Reported,28.873675,28.873675,-82.09322778,-82.09322778,12,Motor Vehicle In-Transport,6,Angle,1,Yes,2,Intersection,2,Four-Way Intersection,1,On Roadway,0,None,2,Dark - Not Lighted,10,Cloudy,0,No,0000000,Not Applicable,99,Unknown,99,Unknown,99,Unknown EMS Scene Arrival Hour,99,Unknown EMS Scene Arrival Minutes,99,Unknown,99,Unknown EMS Hospital Arrival Time,1
12,Florida,123233,0,0,2,2,0,2,2,57,HILLSBOROUGH (57),0,NOT APPLICABLE,12,December,20,20,3,Tuesday,2022,14,2:00pm-2:59pm,45,45,US-41,NA,2,US Highway,1,Rural,3,Principal Arterial - Other,1,State Highway Agency,1,This section IS ON the NHS,0,No Special Jurisdiction,99998,Not Reported,27.65396111,27.65396111,-82.51023889,-82.51023889,1,Rollover/Overturn,0,The First Harmful Event was Not a Collision with a Motor Vehicle in Transport,0,No,1,Non-Junction,1,Not an Intersection,4,On Roadside,0,None,1,Daylight,2,Rain,0,No,0000000,Not Applicable,99,Unknown,99,Unknown,99,Unknown EMS Scene Arrival Hour,99,Unknown EMS Scene Arrival Minutes,99,Unknown,99,Unknown EMS Hospital Arrival Time,1
12,Florida,123234,1,1,1,1,0,1,1,115,SARASOTA (115),0,NOT APPLICABLE,12,December,23,23,6,Friday,2022,15,3:00pm-3:59pm,8,8,JARVIS RD,NA,8,Other,2,Urban,7,Local,2,County Highway Agency,0,This section IS NOT on the NHS,0,No Special Jurisdiction,99998,Not Reported,27.29178611,27.29178611,-82.4294,-82.4294,8,Pedestrian,0,The First Harmful Event was Not a Collision with a Motor Vehicle in Transport,0,No,1,Non-Junction,1,Not an Intersection,1,On Roadway,0,None,1,Daylight,1,Clear,0,No,0000000,Not Applicable,99,Unknown,99,Unknown,99,Unknown EMS Scene Arrival Hour,99,Unknown EMS Scene Arrival Minutes,99,Unknown,99,Unknown EMS Hospital Arrival Time,1
12,Florida,123235,0,0,2,2,0,2,2,11,BROWARD (11),2219,NORTH LAUDERDALE,12,December,27,27,3,Tuesday,2022,14,2:00pm-2:59pm,26,26,W MCNAB RD,NA,6,Local Street - Municipality,2,Urban,3,Principal Arterial - Other,2,County Highway Agency,0,This section IS NOT on the NHS,0,No Special Jurisdiction,99998,Not Reported,26.20841111,26.20841111,-80.21395278,-80.21395278,33,Curb,0,The First Harmful Event was Not a Collision with a Motor Vehicle in Transport,0,No,1,Non-Junction,1,Not an Intersection,3,On Median,0,None,1,Daylight,1,Clear,0,No,0000000,Not Applicable,99,Unknown,99,Unknown,99,Unknown EMS Scene Arrival Hour,99,Unknown EMS Scene Arrival Minutes,99,Unknown,99,Unknown EMS Hospital Arrival Time,1
12,Florida,123236,0,0,2,2,0,2,2,101,PASCO (101),750,DADE CITY,12,December,30,30,6,Friday,2022,18,6:00pm-6:59pm,27,27,US-301,MORNINGSIDE DR,2,US Highway,2,Urban,3,Principal Arterial - Other,1,State Highway Agency,1,This section IS ON the NHS,0,No Special Jurisdiction,99998,Not Reported,28.34306111,28.34306111,-82.18734444,-82.18734444,12,Motor Vehicle In-Transport,2,Front-to-Front,0,No,2,Intersection,2,Four-Way Intersection,1,On Roadway,0,None,3,Dark - Lighted,1,Clear,0,No,0000000,Not Applicable,99,Unknown,99,Unknown,99,Unknown EMS Scene Arrival Hour,99,Unknown EMS Scene Arrival Minutes,99,Unknown,99,Unknown EMS Hospital Arrival Time,1
12,Florida,123237,0,0,2,2,0,2,2,99,PALM BEACH (99),0,NOT APPLICABLE,12,December,30,30,6,Friday,2022,20,8:00pm-8:59pm,7,7,MUCK CITY RD,NA,8,Other,1,Rural,6,Minor Collector,2,County Highway Agency,0,This section IS NOT on the NHS,0,No Special Jurisdiction,99998,Not Reported,26.81258611,26.81258611,-80.57343056,-80.57343056,12,Motor Vehicle In-Transport,2,Front-to-Front,0,No,1,Non-Junction,1,Not an Intersection,1,On Roadway,0,None,2,Dark - Not Lighted,1,Clear,0,No,0000000,Not Applicable,99,Unknown,99,Unknown,99,Unknown EMS Scene Arrival Hour,99,Unknown EMS Scene Arrival Minutes,99,Unknown,99,Unknown EMS Hospital Arrival Time,1
12,Florida,123238,1,1,1,1,0,2,2,87,MONROE (87),0,NOT APPLICABLE,12,December,31,31,7,Saturday,2022,19,7:00pm-7:59pm,50,50,US-1,NA,2,US Highway,2,Urban,3,Principal Arterial - Other,1,State Highway Agency,1,This section IS ON the NHS,0,No Special Jurisdiction,99998,Not Reported,24.59929444,24.59929444,-81.65201389,-81.65201389,8,Pedestrian,0,The First Harmful Event was Not a Collision with a Motor Vehicle in Transport,0,No,1,Non-Junction,1,Not an Intersection,1,On Roadway,0,None,1,Daylight,1,Clear,0,No,0000000,Not Applicable,99,Unknown,99,Unknown,99,Unknown EMS Scene Arrival Hour,99,Unknown EMS Scene Arrival Minutes,99,Unknown,99,Unknown EMS Hospital Arrival Time,1