STATE,STATENAME,ST_CASE,PEDS,PERNOTMVIT,VE_TOTAL,VE_FORMS,PVH_INVL,PERSONS,PERMVIT,COUNTY,COUNTYNAME,CITY,CITYNAME,MONTH,MONTHNAME,DAY,DAYNAME,DAY_WEEK,DAY_WEEKNAME,YEAR,HOUR,HOURNAME,MINUTE,MINUTENAME,TWAY_ID,TWAY_ID2,ROUTE,ROUTENAME,RUR_URB,RUR_URBNAME,FUNC_SYS,FUNC_SYSNAME,RD_OWNER,RD_OWNERNAME,NHS,NHSNAME,SP_JUR,SP_JURNAME,MILEPT,MILEPTNAME,LATITUDE,LATITUDENAME,LONGITUD,LONGITUDNAME,HARM_EV,HARM_EVNAME,MAN_COLL,MAN_COLLNAME,RELJCT1,RELJCT1NAME,RELJCT2,RELJCT2NAME,TYP_INT,TYP_INTNAME,REL_ROAD,REL_ROADNAME,WRK_ZONE,WRK_ZONENAME,LGT_COND,LGT_CONDNAME,WEATHER,WEATHERNAME,SCH_BUS,SCH_BUSNAME,RAIL,RAILNAME,NOT_HOUR,NOT_HOURNAME,NOT_MIN,NOT_MINNAME,ARR_HOUR,ARR_HOURNAME,ARR_MIN,ARR_MINNAME,HOSP_HR,HOSP_HRNAME,HOSP_MN,HOSP_MNNAME,FATALS
12,Florida,123431,1,1,1,1,0,1,1,57,HILLSBOROUGH (57),2950,TAMPA,6,June,14,14,3,Tuesday,2022,6,6:00am-6:59am,43,43,E BUSCH BLVD,NA,6,Local Street - Municipality,2,Urban,3,Principal Arterial - Other,1,State Highway Agency,0,This section IS NOT on the NHS,0,No Special Jurisdiction,99998,Not Reported,28.03274167,28.03274167,-82.40208889,-82.40208889,8,Pedestrian,0,The First Harmful Event was Not a Collision with a Motor Vehicle in Transport,0,No,1,Non-Junction,1,Not an Intersection,1,On Roadway,0,None,1,Daylight,1,Clear,0,No,0000000,Not Applicable,99,Unknown,99,Unknown,99,Unknown EMS Scene Arrival Hour,99,Unknown EMS Scene Arrival Minutes,99,Unknown,99,Unknown EMS Hospital Arrival Time,1
12,Florida,123432,0,0,2,2,0,3,3,9,BREVARD (9),2424,PALM BAY,11,November,27,27,1,Sunday,2022,16,4:00pm-4:59pm,30,30,I-95,NA,1,Interstate,2,Urban,1,Interstate,1,State Highway Agency,1,This section IS ON the NHS,0,No Special Jurisdiction,99998,Not Reported,27.99768056,27.99768056,-80.62971111,-80.62971111,24,Guardrail Face,0,The First Harmful Event was Not a Collision with a Motor Vehicle in Transport,0,No,1,Non-Junction,1,Not an Intersection,3,On Median,0,None,1,Daylight,1,Clear,0,No,0000000,Not Applicable,99,Unknown,99,Unknown,99,Unknown EMS Scene Arrival Hour,99,Unknown EMS Scene Arrival Minutes,99,Unknown,99,Unknown EMS Hospital Arrival Time,1
12,Florida,123434,1,1,1,1,0,1,1,95,ORANGE (95),2290,OCOEE,12,December,5,5,2,Monday,2022,16,4:00pm-4:59pm,5,5,SR-50,SR-429,3,State Highway,2,Urban,3,Principal Arterial - Other,1,State Highway Agency,1,This section IS ON the NHS,0,No Special Jurisdiction,99998,Not Reported,28.55143889,28.55143889,-81.55815,-81.55815,9,Pedalcyclist,0,The First Harmful Event was Not a Collision with a Motor Vehicle in Transport,0,No,3,Intersection-Related,3,T-Intersection,1,On Roadway,0,None,1,Daylight,1,Clear,0,No,0000000,Not Applicable,99,Unknown,99,Unknown,99,Unknown EMS Scene Arrival Hour,99,Unknown EMS Scene Arrival Minutes,99,Unknown,99,Unknown EMS Hospital Arrival Time,1
12,Florida,123435,0,0,2,2,0,2,2,57,HILLSBOROUGH (57),0,NOT APPLICABLE,12,December,7,7,4,Wednesday,2022,0,0:00am-0:59am,8,8,CR-579,SR-400 RAMP,4,County Road,2,Urban,4,Minor Arterial,2,County Highway Agency,0,This section IS NOT on the NHS,0,No Special Jurisdiction,99998,Not Reported,28.005075,28.005075,-82.30230278,-82.30230278,12,Motor Vehicle In-Transport,6,Angle,0,No,2,Intersection,2,Four-Way Intersection,1,On Roadway,0,None,3,Dark - Lighted,1,Clear,0,No,0000000,Not Applicable,99,Unknown,99,Unknown,99,Unknown EMS Scene Arrival Hour,99,Unknown EMS Scene Arrival Minutes,99,Unknown,99,Unknown EMS Hospital Arrival Time,1
12,Florida,123436,0,0,1,1,0,4,4,86,MIAMI-DADE (86),0,NOT APPLICABLE,12,December,10,10,7,Saturday,2022,3,3:00am-3:59am,32,32,CR-SW 87TH AVE,NA,4,County Road,1,Rural,7,Local,2,County Highway Agency,0,This section IS NOT on the NHS,0,No Special Jurisdiction,99998,Not Reported,25.53873056,25.53873056,-80.33133333,-80.33133333,33,Curb,0,The First Harmful Event was Not a Collision with a Motor Vehicle in Transport,0,No,1,Non-Junction,1,Not an Intersection,4,On Roadside,0,None,3,Dark - Lighted,1,Clear,0,No,0000000,Not Applicable,99,Unknown,99,Unknown,99,Unknown EMS Scene Arrival Hour,99,Unknown EMS Scene Arrival Minutes,99,Unknown,99,Unknown EMS Hospital Arrival Time,2
12,Florida,123437,1,1,1,1,0,1,1,86,MIAMI-DADE (86),0,NOT APPLICABLE,12,December,12,12,2,Monday,2022,6,6:00am-6:59am,30,30,CR-SW 86TH CT,NA,4,County Road,2,Urban,7,Local,2,County Highway Agency,0,This section IS NOT on the NHS,0,No Special Jurisdiction,99998,Not Reported,25.76044444,25.76044444,-80.33508056,-80.33508056,8,Pedestrian,0,The First Harmful Event was Not a Collision with a Motor Vehicle in Transport,0,No,1,Non-Junction,1,Not an Intersection,1,On Roadway,0,None,2,Dark - Not Lighted,5,"Fog, Smog, Smoke",0,No,0000000,Not Applicable,99,Unknown,99,Unknown,99,Unknown EMS Scene Arrival Hour,99,Unknown EMS Scene Arrival Minutes,99,Unknown,99,Unknown EMS Hospital Arrival Time,1
12,Florida,123438,0,0,2,2,0,3,3,83,MARION (83),2270,OCALA,12,December,13,13,3,Tuesday,2022,10,10:00am-10:59am,56,56,US-441,NW 8TH ST,2,US Highway,2,Urban,5,Major Collector,2,County Highway Agency,0,This section IS NOT on the NHS,0,No Special Jurisdiction,99998,Not Reported,29.19431944,29.19431944,-82.14168889,-82.14168889,12,Motor Vehicle In-Transport,6,Angle,0,No,2,Intersection,2,Four-Way Intersection,1,On Roadway,0,None,1,Daylight,1,Clear,0,No,0000000,Not Applicable,99,Unknown,99,Unknown,99,Unknown EMS Scene Arrival Hour,99,Unknown EMS Scene Arrival Minutes,99,Unknown,99,Unknown EMS Hospital Arrival Time,1
12,Florida,123439,0,0,3,3,0,3,3,71,LEE (71),1070,FORT MYERS,12,December,17,17,7,Saturday,2022,6,6:00am-6:59am,54,54,US-41,NA,2,US Highway,2,Urban,3,Principal Arterial - Other,1,State Highway Agency,1,This section IS ON the NHS,0,No Special Jurisdiction,99998,Not Reported,26.65424167,26.65424167,-81.880175,-81.880175,12,Motor Vehicle In-Transport,1,Front-to-Rear,0,No,1,Non-Junction,1,Not an Intersection,1,On Roadway,0,None,4,Dawn,1,Clear,0,No,0000000,Not Applicable,99,Unknown,99,Unknown,99,Unknown EMS Scene Arrival Hour,99,Unknown EMS Scene Arrival Minutes,99,Unknown,99,Unknown EMS Hospital Arrival Time,1
12,Florida,123440,1,1,1,1,0,1,1,86,MIAMI-DADE (86),0,NOT APPLICABLE,12,December,19,19,2,Monday,2022,6,6:00am-6:59am,15,15,SW 127TH AVE,NA,8,Other,2,Urban,7,Local,26,Private (other than Railroad),0,This section IS NOT on the NHS,0,No Special Jurisdiction,99998,Not Reported,25.63017778,25.63017778,-80.39704167,-80.39704167,8,Pedestrian,0,The First Harmful Event was Not a Collision with a Motor Vehicle in Transport,0,No,1,Non-Junction,1,Not an Intersection,1,On Roadway,0,None,2,Dark - Not Lighted,1,Clear,0,No,0000000,Not Applicable,99,Unknown,99,Unknown,99,Unknown EMS Scene Arrival Hour,99,Unknown EMS Scene Arrival Minutes,99,Unknown,99,Unknown EMS Hospital Arrival Time,1
12,Florida,123441,0,0,3,3,0,4,4,9,BREVARD (9),3175,WEST MELBOURNE,12,December,21,21,4,Wednesday,2022,11,11:00am-11:59am,41,41,W NEW HAVEN AVE,NA,5,Local Street - Township,2,Urban,3,Principal Arterial - Other,1,State Highway Agency,1,This section IS ON the NHS,0,No Special Jurisdiction,99998,Not Reported,28.0788,28.0788,-80.69543611,-80.69543611,12,Motor Vehicle In-Transport,6,Angle,0,No,8,Driveway Access Related,1,Not an Intersection,1,On Roadway,0,None,1,Daylight,1,Clear,0,No,0000000,Not Applicable,99,Unknown,99,Unknown,99,Unknown EMS Scene Arrival Hour,99,Unknown EMS Scene Arrival Minutes,99,Unknown,99,Unknown EMS Hospital Arrival Time,1
12,Florida,123442,0,0,2,2,0,2,2,109,ST JOHNS (109),2690,SAINT AUGUSTINE,12,December,30,30,6,Friday,2022,17,5:00pm-5:59pm,20,20,CR-16A,TOWERS RANCH DRIVE,4,County Road,1,Rural,6,Minor Collector,2,County Highway Agency,0,This section IS NOT on the NHS,0,No Special Jurisdiction,99998,Not Reported,29.99756111,29.99756111,-81.54101111,-81.54101111,12,Motor Vehicle In-Transport,6,Angle,1,Yes,2,Intersection,3,T-Intersection,1,On Roadway,0,None,5,Dusk,1,Clear,0,No,0000000,Not Applicable,99,Unknown,99,Unknown,99,Unknown EMS Scene Arrival Hour,99,Unknown EMS Scene Arrival Minutes,99,Unknown,99,Unknown EMS Hospital Arrival Time,1
12,Florida,123443,1,1,1,1,0,5,5,1,ALACHUA (1),1130,GAINESVILLE,6,June,16,16,5,Thursday,2022,20,8:00pm-8:59pm,51,51,SW 23RD ST,NA,6,Local Street - Municipality,2,Urban,7,Local,4,City or Municipal Highway Agency,0,This section IS NOT on the NHS,0,No Special Jurisdiction,99998,Not Reported,29.65059444,29.65059444,-82.35583611,-82.35583611,8,Pedestrian,0,The First Harmful Event was Not a Collision with a Motor Vehicle in Transport,0,No,1,Non-Junction,1,Not an Intersection,1,On Roadway,0,None,3,Dark - Lighted,1,Clear,0,No,0000000,Not Applicable,99,Unknown,99,Unknown,99,Unknown EMS Scene Arrival Hour,99,Unknown EMS Scene Arrival Minutes,99,Unknown,99,Unknown EMS Hospital Arrival Time,1
12,Florida,123446,1,1,1,1,0,1,1,11,BROWARD (11),2570,POMPANO BEACH,7,July,3,3,1,Sunday,2022,2,2:00am-2:59am,12,12,N POWERLINE ROAD,NA,5,Local Street - Township,2,Urban,3,Principal Arterial - Other,1,State Highway Agency,1,This section IS ON the NHS,0,No Special Jurisdiction,99999,Unknown,26.25756667,26.25756667,-80.15170556,-80.15170556,8,Pedestrian,0,The First Harmful Event was Not a Collision with a Motor Vehicle in Transport,0,No,1,Non-Junction,1,Not an Intersection,1,On Roadway,0,None,3,Dark - Lighted,1,Clear,0,No,0000000,Not Applicable,99,Unknown,99,Unknown,99,Unknown EMS Scene Arrival Hour,99,Unknown EMS Scene Arrival Minutes,99,Unknown,99,Unknown EMS Hospital Arrival Time,1
12,Florida,123447,1,1,1,1,0,1,1,11,BROWARD (11),790,DEERFIELD BEACH,7,July,22,22,6,Friday,2022,19,7:00pm-7:59pm,27,27,9TH AVE,NA,5,Local Street - Township,2,Urban,7,Local,98,Not Reported,0,This section IS NOT on the NHS,0,No Special Jurisdiction,99999,Unknown,26.28065556,26.28065556,-80.13595278,-80.13595278,9,Pedalcyclist,0,The First Harmful Event was Not a Collision with a Motor Vehicle in Transport,0,No,8,Driveway Access Related,1,Not an Intersection,1,On Roadway,0,None,1,Daylight,2,Rain,0,No,0000000,Not Applicable,99,Unknown,99,Unknown,99,Unknown EMS Scene Arrival Hour,99,Unknown EMS Scene Arrival Minutes,99,Unknown,99,Unknown EMS Hospital Arrival Time,1
12,Florida,123448,0,0,2,2,0,3,3,11,BROWARD (11),2948,TAMARAC,9,September,27,27,3,Tuesday,2022,13,1:00pm-1:59pm,50,50,W COMMERCIAL BLVD,MAINLAND DR,5,Local Street - Township,2,Urban,3,Principal Arterial - Other,1,State Highway Agency,1,This section IS ON the NHS,0,No Special Jurisdiction,99998,Not Reported,26.18649444,26.18649444,-80.20525278,-80.20525278,12,Motor Vehicle In-Transport,6,Angle,1,Yes,2,Intersection,2,Four-Way Intersection,1,On Roadway,0,None,1,Daylight,2,Rain,0,No,0000000,Not Applicable,99,Unknown,99,Unknown,99,Unknown EMS Scene Arrival Hour,99,Unknown EMS Scene Arrival Minutes,99,Unknown,99,Unknown EMS Hospital Arrival Time,1
12,Florida,123449,0,0,2,2,0,3,3,11,BROWARD (11),663,COOPER CITY,10,October,17,17,2,Monday,2022,23,11:00pm-11:59pm,0,0,SHERIDAN ST,NA,6,Local Street - Municipality,2,Urban,3,Principal Arterial - Other,4,City or Municipal Highway Agency,1,This section IS ON the NHS,0,No Special Jurisdiction,99998,Not Reported,26.02904167,26.02904167,-80.32115833,-80.32115833,12,Motor Vehicle In-Transport,1,Front-to-Rear,0,No,1,Non-Junction,1,Not an Intersection,1,On Roadway,0,None,6,Dark - Unknown Lighting,1,Clear,0,No,0000000,Not Applicable,99,Unknown,99,Unknown,99,Unknown EMS Scene Arrival Hour,99,Unknown EMS Scene Arrival Minutes,99,Unknown,99,Unknown EMS Hospital Arrival Time,1
12,Florida,123450,0,0,3,3,0,3,3,11,BROWARD (11),2570,POMPANO BEACH,10,October,20,20,5,Thursday,2022,2,2:00am-2:59am,24,24,E SAMPLE RD,NE 3RD AV,5,Local Street - Township,2,Urban,3,Principal Arterial - Other,1,State Highway Agency,1,This section IS ON the NHS,0,No Special Jurisdiction,99999,Unknown,26.27506944,26.27506944,-80.11972222,-80.11972222,12,Motor Vehicle In-Transport,1,Front-to-Rear,0,No,3,Intersection-Related,2,Four-Way Intersection,1,On Roadway,0,None,3,Dark - Lighted,1,Clear,0,No,0000000,Not Applicable,99,Unknown,99,Unknown,99,Unknown EMS Scene Arrival Hour,99,Unknown EMS Scene Arrival Minutes,99,Unknown,99,Unknown EMS Hospital Arrival Time,1
12,Florida,123451,0,0,2,2,0,4,4,11,BROWARD (11),2570,POMPANO BEACH,10,October,26,26,4,Wednesday,2022,0,0:00am-0:59am,48,48,W SMAPLE RD,NW 8TH AV,5,Local Street - Township,2,Urban,3,Principal Arterial - Other,1,State Highway Agency,1,This section IS ON the NHS,0,No Special Jurisdiction,99998,Not Reported,26.27480833,26.27480833,-80.13351389,-80.13351389,12,Motor Vehicle In-Transport,2,Front-to-Front,1,Yes,2,Intersection,3,T-Intersection,1,On Roadway,0,None,3,Dark - Lighted,1,Clear,0,No,0000000,Not Applicable,99,Unknown,99,Unknown,99,Unknown EMS Scene Arrival Hour,99,Unknown EMS Scene Arrival Minutes,99,Unknown,99,Unknown EMS Hospital Arrival Time,1
12,Florida,123452,0,0,2,2,0,2,2,11,BROWARD (11),760,DANIA BEACH,7,July,24,24,1,Sunday,2022,3,3:00am-3:59am,23,23,SW 4TH AV,NA,8,Other,1,Rural,7,Local,4,City or Municipal Highway Agency,0,This section IS NOT on the NHS,0,No Special Jurisdiction,99998,Not Reported,26.04503611,26.04503611,-80.14789722,-80.14789722,12,Motor Vehicle In-Transport,6,Angle,0,No,1,Non-Junction,1,Not an Intersection,1,On Roadway,0,None,3,Dark - Lighted,1,Clear,0,No,0000000,Not Applicable,99,Unknown,99,Unknown,99,Unknown EMS Scene Arrival Hour,99,Unknown EMS Scene Arrival Minutes,88,Not Applicable (Not Transported),88,Not Applicable (Not Transported),1
12,Florida,123453,1,1,1,1,0,1,1,11,BROWARD (11),2570,POMPANO BEACH,1,January,6,6,5,Thursday,2022,22,10:00pm-10:59pm,19,19,SR-W ATLANTIC BLVD,NA,3,State Highway,2,Urban,3,Principal Arterial - Other,1,State Highway Agency,1,This section IS ON the NHS,0,No Special Jurisdiction,99998,Not Reported,26.23117778,26.23117778,-80.15771111,-80.15771111,8,Pedestrian,0,The First Harmful Event was Not a Collision with a Motor Vehicle in Transport,0,No,1,Non-Junction,1,Not an Intersection,1,On Roadway,0,None,3,Dark - Lighted,1,Clear,0,No,0000000,Not Applicable,99,Unknown,99,Unknown,99,Unknown EMS Scene Arrival Hour,99,Unknown EMS Scene Arrival Minutes,88,Not Applicable (Not Transported),88,Not Applicable (Not Transported),1
12,Florida,123454,1,1,1,1,0,1,1,11,BROWARD (11),2570,POMPANO BEACH,10,October,13,13,5,Thursday,2022,1,1:00am-1:59am,54,54,W ATLANTIC BLVD,N ANDREWS AV,6,Local Street - Municipality,2,Urban,6,Minor Collector,4,City or Municipal Highway Agency,0,This section IS NOT on the NHS,0,No Special Jurisdiction,99998,Not Reported,26.23153611,26.23153611,-80.14150278,-80.14150278,8,Pedestrian,0,The First Harmful Event was Not a Collision with a Motor Vehicle in Transport,0,No,3,Intersection-Related,2,Four-Way Intersection,1,On Roadway,0,None,2,Dark - Not Lighted,2,Rain,0,No,0000000,Not Applicable,99,Unknown,99,Unknown,99,Unknown EMS Scene Arrival Hour,99,Unknown EMS Scene Arrival Minutes,99,Unknown,99,Unknown EMS Hospital Arrival Time,1
12,Florida,123455,0,0,3,3,0,17,17,11,BROWARD (11),1050,FORT LAUDERDALE,11,November,5,5,7,Saturday,2022,21,9:00pm-9:59pm,39,39,SR-838 W SUNRISE BLVD,I-95 RAMP,3,State Highway,2,Urban,3,Principal Arterial - Other,1,State Highway Agency,1,This section IS ON the NHS,0,No Special Jurisdiction,99998,Not Reported,26.13666389,26.13666389,-80.16938889,-80.16938889,12,Motor Vehicle In-Transport,1,Front-to-Rear,1,Yes,3,Intersection-Related,2,Four-Way Intersection,1,On Roadway,0,None,1,Daylight,1,Clear,0,No,0000000,Not Applicable,99,Unknown,99,Unknown,99,Unknown EMS Scene Arrival Hour,99,Unknown EMS Scene Arrival Minutes,99,Unknown,99,Unknown EMS Hospital Arrival Time,1
12,Florida,123456,0,0,3,3,0,5,5,11,BROWARD (11),2948,TAMARAC,8,August,12,12,6,Friday,2022,12,12:00pm-12:59pm,46,46,W COMMERCIAL BLVD,W PROSPECT RD,5,Local Street - Township,2,Urban,3,Principal Arterial - Other,1,State Highway Agency,0,This section IS NOT on the NHS,0,No Special Jurisdiction,99998,Not Reported,26.18813611,26.18813611,-80.17514167,-80.17514167,12,Motor Vehicle In-Transport,6,Angle,0,No,2,Intersection,2,Four-Way Intersection,1,On Roadway,0,None,1,Daylight,1,Clear,0,No,0000000,Not Applicable,99,Unknown,99,Unknown,99,Unknown EMS Scene Arrival Hour,99,Unknown EMS Scene Arrival Minutes,99,Unknown,99,Unknown EMS Hospital Arrival Time,1
12,Florida,123457,0,0,3,3,0,6,6,105,POLK (105),1270,HAINES CITY,12,December,17,17,7,Saturday,2022,1,1:00am-1:59am,8,8,US-27,NA,2,US Highway,1,Rural,3,Principal Arterial - Other,1,State Highway Agency,1,This section IS ON the NHS,0,No Special Jurisdiction,99998,Not Reported,28.15938333,28.15938333,-81.639925,-81.639925,12,Motor Vehicle In-Transport,1,Front-to-Rear,0,No,1,Non-Junction,1,Not an Intersection,1,On Roadway,0,None,3,Dark - Lighted,1,Clear,0,No,0000000,Not Applicable,99,Unknown,99,Unknown,99,Unknown EMS Scene Arrival Hour,99,Unknown EMS Scene Arrival Minutes,99,Unknown,99,Unknown EMS Hospital Arrival Time,1
12,Florida,123458,1,1,1,1,0,1,1,11,BROWARD (11),1050,FORT LAUDERDALE,12,December,23,23,6,Friday,2022,20,8:00pm-8:59pm,49,49,SR-A1A,SE 15TH AV,3,State Highway,2,Urban,7,Local,4,City or Municipal Highway Agency,0,This section IS NOT on the NHS,0,No Special Jurisdiction,99998,Not Reported,26.10031111,26.10031111,-80.12765278,-80.12765278,8,Pedestrian,0,The First Harmful Event was Not a Collision with a Motor Vehicle in Transport,0,No,3,Intersection-Related,2,Four-Way Intersection,1,On Roadway,0,None,3,Dark - Lighted,1,Clear,0,No,0000000,Not Applicable,99,Unknown,99,Unknown,99,Unknown EMS Scene Arrival Hour,99,Unknown EMS Scene Arrival Minutes,99,Unknown,99,Unknown EMS Hospital Arrival Time,1
12,Florida,123459,1,1,1,1,0,1,1,11,BROWARD (11),1280,HALLANDALE BEACH,7,July,6,6,4,Wednesday,2022,20,8:00pm-8:59pm,32,32,W HALLANDALE BEACH BLVD,SW 10TH TER,5,Local Street - Township,2,Urban,5,Major Collector,98,Not Reported,0,This section IS NOT on the NHS,0,No Special Jurisdiction,99998,Not Reported,25.98508611,25.98508611,-80.16280556,-80.16280556,8,Pedestrian,0,The First Harmful Event was Not a Collision with a Motor Vehicle in Transport,0,No,3,Intersection-Related,2,Four-Way Intersection,1,On Roadway,0,None,5,Dusk,1,Clear,0,No,0000000,Not Applicable,99,Unknown,99,Unknown,99,Unknown EMS Scene Arrival Hour,99,Unknown EMS Scene Arrival Minutes,99,Unknown,99,Unknown EMS Hospital Arrival Time,1
12,Florida,123460,0,0,1,1,0,1,1,9,BREVARD (9),3000,TITUSVILLE,1,January,22,22,7,Saturday,2022,2,2:00am-2:59am,29,29,PARK LANE,NA,5,Local Street - Township,2,Urban,7,Local,26,Private (other than Railroad),0,This section IS NOT on the NHS,0,No Special Jurisdiction,99998,Not Reported,28.58986667,28.58986667,-80.80383611,-80.80383611,38,Fence,0,The First Harmful Event was Not a Collision with a Motor Vehicle in Transport,0,No,1,Non-Junction,1,Not an Intersection,4,On Roadside,0,None,3,Dark - Lighted,1,Clear,0,No,0000000,Not Applicable,99,Unknown,99,Unknown,99,Unknown EMS Scene Arrival Hour,99,Unknown EMS Scene Arrival Minutes,88,Not Applicable (Not Transported),88,Not Applicable (Not Transported),1
12,Florida,123462,0,0,2,2,0,2,2,9,BREVARD (9),620,COCOA,8,August,14,14,1,Sunday,2022,9,9:00am-9:59am,53,53,GRIMES ST,COCOA BLVD,5,Local Street - Township,2,Urban,7,Local,4,City or Municipal Highway Agency,0,This section IS NOT on the NHS,0,No Special Jurisdiction,99998,Not Reported,28.36488333,28.36488333,-80.73544444,-80.73544444,12,Motor Vehicle In-Transport,6,Angle,0,No,2,Intersection,2,Four-Way Intersection,1,On Roadway,0,None,1,Daylight,1,Clear,0,No,0000000,Not Applicable,99,Unknown,99,Unknown,99,Unknown EMS Scene Arrival Hour,99,Unknown EMS Scene Arrival Minutes,99,Unknown,99,Unknown EMS Hospital Arrival Time,1
12,Florida,123464,0,0,1,1,0,1,1,105,POLK (105),1110,FROSTPROOF,5,May,15,15,1,Sunday,2022,17,5:00pm-5:59pm,39,39,US-27,NA,2,US Highway,1,Rural,3,Principal Arterial - Other,1,State Highway Agency,1,This section IS ON the NHS,0,No Special Jurisdiction,99998,Not Reported,27.65221667,27.65221667,-81.53501111,-81.53501111,1,Rollover/Overturn,0,The First Harmful Event was Not a Collision with a Motor Vehicle in Transport,0,No,1,Non-Junction,1,Not an Intersection,3,On Median,0,None,1,Daylight,1,Clear,0,No,0000000,Not Applicable,99,Unknown,99,Unknown,99,Unknown EMS Scene Arrival Hour,99,Unknown EMS Scene Arrival Minutes,88,Not Applicable (Not Transported),88,Not Applicable (Not Transported),1
12,Florida,123465,0,0,3,3,0,3,3,11,BROWARD (11),2570,POMPANO BEACH,6,June,7,7,3,Tuesday,2022,16,4:00pm-4:59pm,6,6,W COPANS RD,NW 3RD AV,5,Local Street - Township,2,Urban,4,Minor Arterial,4,City or Municipal Highway Agency,0,This section IS NOT on the NHS,0,No Special Jurisdiction,99998,Not Reported,26.26053611,26.26053611,-80.12743889,-80.12743889,12,Motor Vehicle In-Transport,6,Angle,0,No,2,Intersection,3,T-Intersection,1,On Roadway,0,None,3,Dark - Lighted,1,Clear,0,No,0000000,Not Applicable,99,Unknown,99,Unknown,99,Unknown EMS Scene Arrival Hour,99,Unknown EMS Scene Arrival Minutes,99,Unknown,99,Unknown EMS Hospital Arrival Time,1
12,Florida,123466,1,1,3,3,0,5,5,86,MIAMI-DADE (86),1340,HIALEAH,11,November,1,1,3,Tuesday,2022,6,6:00am-6:59am,42,42,W 84TH ST,NA,5,Local Street - Township,2,Urban,4,Minor Arterial,1,State Highway Agency,0,This section IS NOT on the NHS,0,No Special Jurisdiction,99998,Not Reported,25.89874444,25.89874444,-80.30049167,-80.30049167,8,Pedestrian,0,The First Harmful Event was Not a Collision with a Motor Vehicle in Transport,0,No,1,Non-Junction,1,Not an Intersection,1,On Roadway,0,None,3,Dark - Lighted,1,Clear,0,No,0000000,Not Applicable,99,Unknown,99,Unknown,99,Unknown EMS Scene Arrival Hour,99,Unknown EMS Scene Arrival Minutes,88,Not Applicable (Not Transported),88,Not Applicable (Not Transported),1
12,Florida,123467,2,2,3,3,0,4,4,11,BROWARD (11),1050,FORT LAUDERDALE,11,November,16,16,4,Wednesday,2022,15,3:00pm-3:59pm,7,7,NW 23/21 AVENUE,NW 19 STREET,5,Local Street - Township,2,Urban,5,Major Collector,4,City or Municipal Highway Agency,0,This section IS NOT on the NHS,0,No Special Jurisdiction,99998,Not Reported,26.15116944,26.15116944,-80.17058333,-80.17058333,33,Curb,0,The First Harmful Event was Not a Collision with a Motor Vehicle in Transport,0,No,3,Intersection-Related,2,Four-Way Intersection,4,On Roadside,0,None,1,Daylight,10,Cloudy,0,No,0000000,Not Applicable,99,Unknown,99,Unknown,99,Unknown EMS Scene Arrival Hour,99,Unknown EMS Scene Arrival Minutes,99,Unknown,99,Unknown EMS Hospital Arrival Time,1
12,Florida,123468,1,1,1,1,0,1,1,9,BREVARD (9),620,COCOA,1,January,16,16,1,Sunday,2022,1,1:00am-1:59am,24,24,SR-501/524 CLEARLAKE RD,NA,3,State Highway,2,Urban,4,Minor Arterial,1,State Highway Agency,1,This section IS ON the NHS,0,No Special Jurisdiction,99998,Not Reported,28.39687778,28.39687778,-80.76271667,-80.76271667,8,Pedestrian,0,The First Harmful Event was Not a Collision with a Motor Vehicle in Transport,0,No,1,Non-Junction,1,Not an Intersection,1,On Roadway,0,None,2,Dark - Not Lighted,1,Clear,0,No,0000000,Not Applicable,99,Unknown,99,Unknown,99,Unknown EMS Scene Arrival Hour,99,Unknown EMS Scene Arrival Minutes,88,Not Applicable (Not Transported),88,Not Applicable (Not Transported),1
12,Florida,123470,1,1,1,1,0,1,1,86,MIAMI-DADE (86),2906,SUNNY ISLES,7,July,18,18,2,Monday,2022,16,4:00pm-4:59pm,26,26,SR-A1A,BAYVIEW DR,3,State Highway,2,Urban,3,Principal Arterial - Other,1,State Highway Agency,1,This section IS ON the NHS,0,No Special Jurisdiction,99998,Not Reported,25.92257778,25.92257778,-80.12251111,-80.12251111,8,Pedestrian,0,The First Harmful Event was Not a Collision with a Motor Vehicle in Transport,0,No,3,Intersection-Related,3,T-Intersection,1,On Roadway,0,None,1,Daylight,1,Clear,0,No,0000000,Not Applicable,99,Unknown,99,Unknown,99,Unknown EMS Scene Arrival Hour,99,Unknown EMS Scene Arrival Minutes,99,Unknown,99,Unknown EMS Hospital Arrival Time,1
12,Florida,123471,1,1,1,1,0,1,1,5,BAY (5),0,NOT APPLICABLE,6,June,23,23,5,Thursday,2022,21,9:00pm-9:59pm,45,45,SR-22,NA,3,State Highway,2,Urban,4,Minor Arterial,1,State Highway Agency,0,This section IS NOT on the NHS,0,No Special Jurisdiction,99998,Not Reported,30.15286389,30.15286389,-85.56558889,-85.56558889,8,Pedestrian,0,The First Harmful Event was Not a Collision with a Motor Vehicle in Transport,0,No,1,Non-Junction,1,Not an Intersection,1,On Roadway,0,None,2,Dark - Not Lighted,1,Clear,0,No,0000000,Not Applicable,99,Unknown,99,Unknown,99,Unknown EMS Scene Arrival Hour,99,Unknown EMS Scene Arrival Minutes,99,Unknown,99,Unknown EMS Hospital Arrival Time,1
12,Florida,123472,0,0,2,2,0,3,3,105,POLK (105),3300,WINTER HAVEN,5,May,30,30,2,Monday,2022,11,11:00am-11:59am,18,18,AVE G NW,26TH ST NW,8,Other,2,Urban,5,Major Collector,2,County Highway Agency,0,This section IS NOT on the NHS,0,No Special Jurisdiction,99998,Not Reported,28.02965,28.02965,-81.759175,-81.759175,12,Motor Vehicle In-Transport,6,Angle,0,No,2,Intersection,2,Four-Way Intersection,1,On Roadway,0,None,1,Daylight,1,Clear,0,No,0000000,Not Applicable,99,Unknown,99,Unknown,99,Unknown EMS Scene Arrival Hour,99,Unknown EMS Scene Arrival Minutes,88,Not Applicable (Not Transported),88,Not Applicable (Not Transported),1