STATE,STATENAME,ST_CASE,PEDS,PERNOTMVIT,VE_TOTAL,VE_FORMS,PVH_INVL,PERSONS,PERMVIT,COUNTY,COUNTYNAME,CITY,CITYNAME,MONTH,MONTHNAME,DAY,DAYNAME,DAY_WEEK,DAY_WEEKNAME,YEAR,HOUR,HOURNAME,MINUTE,MINUTENAME,TWAY_ID,TWAY_ID2,ROUTE,ROUTENAME,RUR_URB,RUR_URBNAME,FUNC_SYS,FUNC_SYSNAME,RD_OWNER,RD_OWNERNAME,NHS,NHSNAME,SP_JUR,SP_JURNAME,MILEPT,MILEPTNAME,LATITUDE,LATITUDENAME,LONGITUD,LONGITUDNAME,HARM_EV,HARM_EVNAME,MAN_COLL,MAN_COLLNAME,RELJCT1,RELJCT1NAME,RELJCT2,RELJCT2NAME,TYP_INT,TYP_INTNAME,REL_ROAD,REL_ROADNAME,WRK_ZONE,WRK_ZONENAME,LGT_COND,LGT_CONDNAME,WEATHER,WEATHERNAME,SCH_BUS,SCH_BUSNAME,RAIL,RAILNAME,NOT_HOUR,NOT_HOURNAME,NOT_MIN,NOT_MINNAME,ARR_HOUR,ARR_HOURNAME,ARR_MIN,ARR_MINNAME,HOSP_HR,HOSP_HRNAME,HOSP_MN,HOSP_MNNAME,FATALS
12,Florida,123476,1,1,1,1,0,1,1,9,BREVARD (9),1990,MELBOURNE,8,August,27,27,7,Saturday,2022,9,9:00am-9:59am,41,41,CR-509 N WICKHAM RD,NA,4,County Road,2,Urban,3,Principal Arterial - Other,2,County Highway Agency,1,This section IS ON the NHS,0,No Special Jurisdiction,99998,Not Reported,28.14742778,28.14742778,-80.67175556,-80.67175556,8,Pedestrian,0,The First Harmful Event was Not a Collision with a Motor Vehicle in Transport,0,No,1,Non-Junction,1,Not an Intersection,1,On Roadway,0,None,1,Daylight,1,Clear,0,No,0000000,Not Applicable,99,Unknown,99,Unknown,99,Unknown EMS Scene Arrival Hour,99,Unknown EMS Scene Arrival Minutes,99,Unknown,99,Unknown EMS Hospital Arrival Time,1
12,Florida,123479,1,1,1,1,0,1,1,5,BAY (5),2450,PANAMA CITY,11,November,19,19,7,Saturday,2022,21,9:00pm-9:59pm,3,3,SR-368 E 23RD ST,NA,3,State Highway,2,Urban,4,Minor Arterial,1,State Highway Agency,0,This section IS NOT on the NHS,0,No Special Jurisdiction,99998,Not Reported,30.18951944,30.18951944,-85.65366944,-85.65366944,8,Pedestrian,0,The First Harmful Event was Not a Collision with a Motor Vehicle in Transport,0,No,1,Non-Junction,1,Not an Intersection,1,On Roadway,0,None,3,Dark - Lighted,2,Rain,0,No,0000000,Not Applicable,99,Unknown,99,Unknown,99,Unknown EMS Scene Arrival Hour,99,Unknown EMS Scene Arrival Minutes,99,Unknown,99,Unknown EMS Hospital Arrival Time,1
12,Florida,123481,1,1,1,1,0,1,1,61,INDIAN RIVER (61),0,NOT APPLICABLE,12,December,30,30,6,Friday,2022,3,3:00am-3:59am,30,30,US-1,NA,2,US Highway,2,Urban,3,Principal Arterial - Other,1,State Highway Agency,1,This section IS ON the NHS,0,No Special Jurisdiction,99998,Not Reported,27.61420278,27.61420278,-80.38696389,-80.38696389,8,Pedestrian,0,The First Harmful Event was Not a Collision with a Motor Vehicle in Transport,0,No,8,Driveway Access Related,1,Not an Intersection,6,Off Roadway-Location Unknown,0,None,3,Dark - Lighted,1,Clear,0,No,0000000,Not Applicable,99,Unknown,99,Unknown,99,Unknown EMS Scene Arrival Hour,97,Officially Cancelled,99,Unknown,97,Officially Canceled,1
12,Florida,123482,1,1,1,1,0,1,1,11,BROWARD (11),1781,LAUDERDALE LAKES,10,October,26,26,4,Wednesday,2022,7,7:00am-7:59am,27,27,US-441 SR-7,NA,2,US Highway,2,Urban,3,Principal Arterial - Other,1,State Highway Agency,1,This section IS ON the NHS,0,No Special Jurisdiction,99999,Unknown,26.16378056,26.16378056,-80.20317778,-80.20317778,8,Pedestrian,0,The First Harmful Event was Not a Collision with a Motor Vehicle in Transport,0,No,1,Non-Junction,1,Not an Intersection,1,On Roadway,0,None,1,Daylight,1,Clear,0,No,0000000,Not Applicable,99,Unknown,99,Unknown,99,Unknown EMS Scene Arrival Hour,99,Unknown EMS Scene Arrival Minutes,88,Not Applicable (Not Transported),88,Not Applicable (Not Transported),1
12,Florida,123483,0,0,2,2,0,2,2,11,BROWARD (11),1781,LAUDERDALE LAKES,8,August,25,25,5,Thursday,2022,16,4:00pm-4:59pm,3,3,US-441 SR-7,NW 46TH ST,2,US Highway,2,Urban,3,Principal Arterial - Other,1,State Highway Agency,1,This section IS ON the NHS,0,No Special Jurisdiction,99999,Unknown,26.18028889,26.18028889,-80.20361944,-80.20361944,12,Motor Vehicle In-Transport,6,Angle,0,No,2,Intersection,2,Four-Way Intersection,1,On Roadway,0,None,3,Dark - Lighted,1,Clear,0,No,0000000,Not Applicable,99,Unknown,99,Unknown,99,Unknown EMS Scene Arrival Hour,99,Unknown EMS Scene Arrival Minutes,99,Unknown,99,Unknown EMS Hospital Arrival Time,1
12,Florida,123484,0,0,2,2,0,3,3,11,BROWARD (11),1781,LAUDERDALE LAKES,7,July,4,4,2,Monday,2022,2,2:00am-2:59am,3,3,US-441 SR-7,NA,2,US Highway,2,Urban,3,Principal Arterial - Other,1,State Highway Agency,1,This section IS ON the NHS,0,No Special Jurisdiction,99999,Unknown,26.17761667,26.17761667,-80.20354722,-80.20354722,12,Motor Vehicle In-Transport,1,Front-to-Rear,0,No,1,Non-Junction,1,Not an Intersection,1,On Roadway,0,None,3,Dark - Lighted,1,Clear,0,No,0000000,Not Applicable,99,Unknown,99,Unknown,99,Unknown EMS Scene Arrival Hour,99,Unknown EMS Scene Arrival Minutes,88,Not Applicable (Not Transported),88,Not Applicable (Not Transported),1
12,Florida,123485,0,0,2,2,0,2,2,11,BROWARD (11),1050,FORT LAUDERDALE,9,September,20,20,3,Tuesday,2022,13,1:00pm-1:59pm,36,36,US-1 SUNRISE BLVD,NE 17TH WAY,2,US Highway,2,Urban,3,Principal Arterial - Other,1,State Highway Agency,1,This section IS ON the NHS,0,No Special Jurisdiction,99998,Not Reported,26.13729167,26.13729167,-80.12396944,-80.12396944,12,Motor Vehicle In-Transport,6,Angle,0,No,2,Intersection,2,Four-Way Intersection,1,On Roadway,0,None,1,Daylight,1,Clear,0,No,0000000,Not Applicable,99,Unknown,99,Unknown,99,Unknown EMS Scene Arrival Hour,99,Unknown EMS Scene Arrival Minutes,99,Unknown,99,Unknown EMS Hospital Arrival Time,1
12,Florida,123486,0,1,2,1,1,3,2,1,ALACHUA (1),0,NOT APPLICABLE,7,July,6,6,4,Wednesday,2022,13,1:00pm-1:59pm,57,57,I 75 SB REST AREA RAMP,NA,8,Other,6,Trafficway Not in State Inventory,96,Trafficway Not in State Inventory,96,Trafficway Not in State Inventory,0,This section IS NOT on the NHS,0,No Special Jurisdiction,3820,3820,29.59019722,29.59019722,-82.36350833,-82.36350833,33,Curb,0,The First Harmful Event was Not a Collision with a Motor Vehicle in Transport,0,No,1,Non-Junction,1,Not an Intersection,4,On Roadside,0,None,1,Daylight,1,Clear,0,No,0000000,Not Applicable,99,Unknown,99,Unknown,99,Unknown EMS Scene Arrival Hour,99,Unknown EMS Scene Arrival Minutes,88,Not Applicable (Not Transported),88,Not Applicable (Not Transported),2
12,Florida,123487,0,0,2,2,0,2,2,11,BROWARD (11),790,DEERFIELD BEACH,12,December,5,5,2,Monday,2022,20,8:00pm-8:59pm,0,0,NE 3RD AVE,NE 48TH ST,6,Local Street - Municipality,2,Urban,4,Minor Arterial,4,City or Municipal Highway Agency,0,This section IS NOT on the NHS,0,No Special Jurisdiction,99999,Unknown,26.28973333,26.28973333,-80.11955278,-80.11955278,12,Motor Vehicle In-Transport,2,Front-to-Front,0,No,2,Intersection,2,Four-Way Intersection,1,On Roadway,0,None,1,Daylight,10,Cloudy,0,No,0000000,Not Applicable,99,Unknown,99,Unknown,99,Unknown EMS Scene Arrival Hour,99,Unknown EMS Scene Arrival Minutes,99,Unknown,99,Unknown EMS Hospital Arrival Time,1
12,Florida,123488,0,0,3,3,0,5,5,11,BROWARD (11),1781,LAUDERDALE LAKES,11,November,27,27,1,Sunday,2022,11,11:00am-11:59am,30,30,SR-816 W OAKLAND PARK BLVD,NA,3,State Highway,2,Urban,3,Principal Arterial - Other,1,State Highway Agency,1,This section IS ON the NHS,0,No Special Jurisdiction,99999,Unknown,26.16481111,26.16481111,-80.22055833,-80.22055833,12,Motor Vehicle In-Transport,7,Sideswipe - Same Direction,0,No,1,Non-Junction,1,Not an Intersection,1,On Roadway,0,None,1,Daylight,1,Clear,0,No,0000000,Not Applicable,99,Unknown,99,Unknown,99,Unknown EMS Scene Arrival Hour,99,Unknown EMS Scene Arrival Minutes,99,Unknown,99,Unknown EMS Hospital Arrival Time,1
12,Florida,123489,0,0,3,3,0,4,4,11,BROWARD (11),2570,POMPANO BEACH,8,August,10,10,4,Wednesday,2022,19,7:00pm-7:59pm,40,40,W COPANS RD,NA,8,Other,2,Urban,4,Minor Arterial,2,County Highway Agency,0,This section IS NOT on the NHS,0,No Special Jurisdiction,99998,Not Reported,26.25990833,26.25990833,-80.16467778,-80.16467778,12,Motor Vehicle In-Transport,6,Angle,0,No,1,Non-Junction,1,Not an Intersection,1,On Roadway,0,None,1,Daylight,1,Clear,0,No,0000000,Not Applicable,99,Unknown,99,Unknown,99,Unknown EMS Scene Arrival Hour,99,Unknown EMS Scene Arrival Minutes,99,Unknown,99,Unknown EMS Hospital Arrival Time,1
12,Florida,123490,0,4,4,2,2,7,3,11,BROWARD (11),2219,NORTH LAUDERDALE,9,September,3,3,7,Saturday,2022,17,5:00pm-5:59pm,2,2,AVON LN,W MCNAB RD,8,Other,2,Urban,7,Local,2,County Highway Agency,0,This section IS NOT on the NHS,0,No Special Jurisdiction,99998,Not Reported,26.20844722,26.20844722,-80.22903889,-80.22903889,12,Motor Vehicle In-Transport,6,Angle,0,No,2,Intersection,3,T-Intersection,1,On Roadway,0,None,1,Daylight,1,Clear,0,No,0000000,Not Applicable,99,Unknown,99,Unknown,99,Unknown EMS Scene Arrival Hour,99,Unknown EMS Scene Arrival Minutes,99,Unknown,99,Unknown EMS Hospital Arrival Time,1
12,Florida,123491,0,0,4,4,0,4,4,11,BROWARD (11),2260,OAKLAND PARK,5,May,21,21,7,Saturday,2022,3,3:00am-3:59am,45,45,SR-816 E OAKLAND PARK BLVD,NE 2ND AVE,3,State Highway,2,Urban,3,Principal Arterial - Other,1,State Highway Agency,1,This section IS ON the NHS,0,No Special Jurisdiction,99998,Not Reported,26.16648056,26.16648056,-80.14460833,-80.14460833,12,Motor Vehicle In-Transport,1,Front-to-Rear,0,No,3,Intersection-Related,3,T-Intersection,1,On Roadway,0,None,3,Dark - Lighted,1,Clear,0,No,0000000,Not Applicable,99,Unknown,99,Unknown,99,Unknown EMS Scene Arrival Hour,99,Unknown EMS Scene Arrival Minutes,88,Not Applicable (Not Transported),88,Not Applicable (Not Transported),1
12,Florida,123492,0,0,2,2,0,4,4,9,BREVARD (9),620,COCOA,11,November,8,8,3,Tuesday,2022,16,4:00pm-4:59pm,42,42,SR-524,I-95 RAMP,3,State Highway,2,Urban,4,Minor Arterial,1,State Highway Agency,0,This section IS NOT on the NHS,0,No Special Jurisdiction,99998,Not Reported,28.37478333,28.37478333,-80.80401944,-80.80401944,12,Motor Vehicle In-Transport,2,Front-to-Front,1,Yes,2,Intersection,2,Four-Way Intersection,1,On Roadway,0,None,1,Daylight,10,Cloudy,0,No,0000000,Not Applicable,99,Unknown,99,Unknown,99,Unknown EMS Scene Arrival Hour,99,Unknown EMS Scene Arrival Minutes,99,Unknown,99,Unknown EMS Hospital Arrival Time,1
12,Florida,123493,0,0,2,2,0,4,4,5,BAY (5),2451,PANAMA CITY BEACH,12,December,20,20,3,Tuesday,2022,7,7:00am-7:59am,1,1,US-98,GRIFFIN BLVD,2,US Highway,2,Urban,3,Principal Arterial - Other,1,State Highway Agency,1,This section IS ON the NHS,0,No Special Jurisdiction,99998,Not Reported,30.23687222,30.23687222,-85.90565,-85.90565,12,Motor Vehicle In-Transport,2,Front-to-Front,0,No,2,Intersection,3,T-Intersection,1,On Roadway,0,None,1,Daylight,1,Clear,0,No,0000000,Not Applicable,99,Unknown,99,Unknown,99,Unknown EMS Scene Arrival Hour,99,Unknown EMS Scene Arrival Minutes,99,Unknown,99,Unknown EMS Hospital Arrival Time,1
12,Florida,123494,1,1,1,1,0,1,1,9,BREVARD (9),620,COCOA,11,November,28,28,2,Monday,2022,18,6:00pm-6:59pm,7,7,DIXON BLVD,NA,8,Other,2,Urban,4,Minor Arterial,2,County Highway Agency,0,This section IS NOT on the NHS,0,No Special Jurisdiction,99998,Not Reported,28.3741,28.3741,-80.74209722,-80.74209722,8,Pedestrian,0,The First Harmful Event was Not a Collision with a Motor Vehicle in Transport,0,No,1,Non-Junction,1,Not an Intersection,1,On Roadway,0,None,3,Dark - Lighted,1,Clear,0,No,0000000,Not Applicable,99,Unknown,99,Unknown,99,Unknown EMS Scene Arrival Hour,99,Unknown EMS Scene Arrival Minutes,99,Unknown,99,Unknown EMS Hospital Arrival Time,1
12,Florida,123495,1,1,1,1,0,2,2,11,BROWARD (11),2570,POMPANO BEACH,9,September,28,28,4,Wednesday,2022,16,4:00pm-4:59pm,15,15,SR-834 E SAMPLE RD,NA,3,State Highway,2,Urban,3,Principal Arterial - Other,1,State Highway Agency,1,This section IS ON the NHS,0,No Special Jurisdiction,99999,Unknown,26.27516389,26.27516389,-80.11440556,-80.11440556,8,Pedestrian,0,The First Harmful Event was Not a Collision with a Motor Vehicle in Transport,0,No,1,Non-Junction,1,Not an Intersection,1,On Roadway,0,None,1,Daylight,1,Clear,0,No,0000000,Not Applicable,99,Unknown,99,Unknown,99,Unknown EMS Scene Arrival Hour,99,Unknown EMS Scene Arrival Minutes,88,Not Applicable (Not Transported),88,Not Applicable (Not Transported),1
12,Florida,123496,0,0,1,1,0,1,1,97,OSCEOLA (97),0,NOT APPLICABLE,12,December,26,26,2,Monday,2022,6,6:00am-6:59am,50,50,CR-522 OSCEOLA PKWY,I-4 RAMP,4,County Road,2,Urban,3,Principal Arterial - Other,2,County Highway Agency,1,This section IS ON the NHS,1,National Park Service,99998,Not Reported,28.34559444,28.34559444,-81.53001944,-81.53001944,59,Traffic Sign Support,0,The First Harmful Event was Not a Collision with a Motor Vehicle in Transport,1,Yes,3,Intersection-Related,2,Four-Way Intersection,4,On Roadside,0,None,1,Daylight,1,Clear,0,No,0000000,Not Applicable,99,Unknown,99,Unknown,99,Unknown EMS Scene Arrival Hour,99,Unknown EMS Scene Arrival Minutes,88,Not Applicable (Not Transported),88,Not Applicable (Not Transported),1
12,Florida,123497,1,1,1,1,0,1,1,11,BROWARD (11),2948,TAMARAC,3,March,7,7,2,Monday,2022,9,9:00am-9:59am,55,55,ROCK ISLAND RD,NA,6,Local Street - Municipality,1,Rural,6,Minor Collector,98,Not Reported,0,This section IS NOT on the NHS,0,No Special Jurisdiction,99999,Unknown,26.17984444,26.17984444,-80.21963611,-80.21963611,9,Pedalcyclist,0,The First Harmful Event was Not a Collision with a Motor Vehicle in Transport,0,No,1,Non-Junction,1,Not an Intersection,1,On Roadway,0,None,9,Reported as Unknown,1,Clear,0,No,0000000,Not Applicable,99,Unknown,99,Unknown,99,Unknown EMS Scene Arrival Hour,99,Unknown EMS Scene Arrival Minutes,88,Not Applicable (Not Transported),88,Not Applicable (Not Transported),1
12,Florida,123498,0,0,1,1,0,1,1,11,BROWARD (11),2260,OAKLAND PARK,6,June,7,7,3,Tuesday,2022,14,2:00pm-2:59pm,29,29,62ND ST,NA,6,Local Street - Municipality,2,Urban,5,Major Collector,98,Not Reported,0,This section IS NOT on the NHS,0,No Special Jurisdiction,99998,Not Reported,26.20366944,26.20366944,-80.132375,-80.132375,10,Railway Vehicle,0,The First Harmful Event was Not a Collision with a Motor Vehicle in Transport,0,No,6,Railway Grade Crossing,1,Not an Intersection,1,On Roadway,0,None,1,Daylight,2,Rain,0,No,272536F,272536F,99,Unknown,99,Unknown,99,Unknown EMS Scene Arrival Hour,99,Unknown EMS Scene Arrival Minutes,88,Not Applicable (Not Transported),88,Not Applicable (Not Transported),1
12,Florida,123499,1,1,1,1,0,1,1,11,BROWARD (11),2948,TAMARAC,11,November,15,15,3,Tuesday,2022,8,8:00am-8:59am,30,30,W COMMERCIAL BLVD,N UNIVERSITY DR,6,Local Street - Municipality,2,Urban,3,Principal Arterial - Other,4,City or Municipal Highway Agency,1,This section IS ON the NHS,0,No Special Jurisdiction,99998,Not Reported,26.19369167,26.19369167,-80.25245,-80.25245,8,Pedestrian,0,The First Harmful Event was Not a Collision with a Motor Vehicle in Transport,0,No,3,Intersection-Related,3,T-Intersection,1,On Roadway,0,None,1,Daylight,1,Clear,0,No,0000000,Not Applicable,99,Unknown,99,Unknown,99,Unknown EMS Scene Arrival Hour,99,Unknown EMS Scene Arrival Minutes,88,Not Applicable (Not Transported),88,Not Applicable (Not Transported),1
12,Florida,123500,0,0,3,3,0,5,5,99,PALM BEACH (99),820,DELRAY BEACH,9,September,2,2,6,Friday,2022,17,5:00pm-5:59pm,10,10,10TH ST,17TH AVE,6,Local Street - Municipality,2,Urban,5,Major Collector,4,City or Municipal Highway Agency,0,This section IS NOT on the NHS,0,No Special Jurisdiction,99998,Not Reported,26.44693056,26.44693056,-80.08935278,-80.08935278,12,Motor Vehicle In-Transport,6,Angle,0,No,2,Intersection,3,T-Intersection,1,On Roadway,0,None,1,Daylight,1,Clear,0,No,0000000,Not Applicable,99,Unknown,99,Unknown,99,Unknown EMS Scene Arrival Hour,99,Unknown EMS Scene Arrival Minutes,99,Unknown,99,Unknown EMS Hospital Arrival Time,1
12,Florida,123502,0,0,2,2,0,3,3,57,HILLSBOROUGH (57),2950,TAMPA,11,November,10,10,5,Thursday,2022,18,6:00pm-6:59pm,40,40,US-92,NA,2,US Highway,2,Urban,3,Principal Arterial - Other,1,State Highway Agency,1,This section IS ON the NHS,0,No Special Jurisdiction,99999,Unknown,27.99635833,27.99635833,-82.50252222,-82.50252222,5,Fell/Jumped from Vehicle,0,The First Harmful Event was Not a Collision with a Motor Vehicle in Transport,0,No,1,Non-Junction,1,Not an Intersection,1,On Roadway,0,None,3,Dark - Lighted,10,Cloudy,0,No,0000000,Not Applicable,99,Unknown,99,Unknown,99,Unknown EMS Scene Arrival Hour,99,Unknown EMS Scene Arrival Minutes,99,Unknown,99,Unknown EMS Hospital Arrival Time,1
12,Florida,123503,0,0,2,2,0,6,6,86,MIAMI-DADE (86),0,NOT APPLICABLE,12,December,16,16,6,Friday,2022,20,8:00pm-8:59pm,40,40,SR-924 NW 119TH ST,NW 22ND AVE,3,State Highway,2,Urban,3,Principal Arterial - Other,1,State Highway Agency,1,This section IS ON the NHS,0,No Special Jurisdiction,99998,Not Reported,25.88281667,25.88281667,-80.23483056,-80.23483056,12,Motor Vehicle In-Transport,6,Angle,0,No,2,Intersection,2,Four-Way Intersection,1,On Roadway,0,None,3,Dark - Lighted,1,Clear,0,No,0000000,Not Applicable,99,Unknown,98,Unknown if Notified,99,Unknown EMS Scene Arrival Hour,98,Unknown if Arrived,88,Not Applicable (Not Transported),88,Not Applicable (Not Transported),1
12,Florida,123504,0,0,2,2,0,2,2,15,CHARLOTTE (15),0,NOT APPLICABLE,2,February,22,22,3,Tuesday,2022,6,6:00am-6:59am,46,46,COCHRAN BLVD,PEACHLAND BLVD,6,Local Street - Municipality,2,Urban,4,Minor Arterial,1,State Highway Agency,0,This section IS NOT on the NHS,0,No Special Jurisdiction,99998,Not Reported,27.01575,27.01575,-82.133675,-82.133675,12,Motor Vehicle In-Transport,6,Angle,0,No,2,Intersection,2,Four-Way Intersection,1,On Roadway,0,None,1,Daylight,1,Clear,0,No,0000000,Not Applicable,99,Unknown,99,Unknown,99,Unknown EMS Scene Arrival Hour,99,Unknown EMS Scene Arrival Minutes,99,Unknown,99,Unknown EMS Hospital Arrival Time,1
12,Florida,123505,1,1,1,1,0,1,1,11,BROWARD (11),1781,LAUDERDALE LAKES,10,October,16,16,1,Sunday,2022,21,9:00pm-9:59pm,4,4,NW 31ST AVE,NA,6,Local Street - Municipality,2,Urban,5,Major Collector,4,City or Municipal Highway Agency,0,This section IS NOT on the NHS,0,No Special Jurisdiction,99998,Not Reported,26.15803889,26.15803889,-80.18701667,-80.18701667,8,Pedestrian,0,The First Harmful Event was Not a Collision with a Motor Vehicle in Transport,0,No,1,Non-Junction,1,Not an Intersection,1,On Roadway,0,None,3,Dark - Lighted,1,Clear,0,No,0000000,Not Applicable,99,Unknown,99,Unknown,99,Unknown EMS Scene Arrival Hour,99,Unknown EMS Scene Arrival Minutes,99,Unknown,99,Unknown EMS Hospital Arrival Time,1
12,Florida,123507,1,1,1,1,0,0,0,86,MIAMI-DADE (86),0,NOT APPLICABLE,1,January,16,16,1,Sunday,2022,0,0:00am-0:59am,30,30,SW 187TH TER,NA,6,Local Street - Municipality,2,Urban,7,Local,4,City or Municipal Highway Agency,0,This section IS NOT on the NHS,0,No Special Jurisdiction,99998,Not Reported,25.59288056,25.59288056,-80.33761667,-80.33761667,8,Pedestrian,0,The First Harmful Event was Not a Collision with a Motor Vehicle in Transport,0,No,1,Non-Junction,1,Not an Intersection,5,Outside Trafficway,0,None,2,Dark - Not Lighted,1,Clear,0,No,0000000,Not Applicable,99,Unknown,99,Unknown,99,Unknown EMS Scene Arrival Hour,99,Unknown EMS Scene Arrival Minutes,88,Not Applicable (Not Transported),88,Not Applicable (Not Transported),1
12,Florida,123508,3,3,2,2,0,3,3,71,LEE (71),457,CAPE CORAL,6,June,22,22,4,Wednesday,2022,13,1:00pm-1:59pm,58,58,DEL PRADO BLVD S,NA,6,Local Street - Municipality,2,Urban,3,Principal Arterial - Other,4,City or Municipal Highway Agency,0,This section IS NOT on the NHS,0,No Special Jurisdiction,99998,Not Reported,26.62072222,26.62072222,-81.93786111,-81.93786111,8,Pedestrian,0,The First Harmful Event was Not a Collision with a Motor Vehicle in Transport,0,No,1,Non-Junction,1,Not an Intersection,1,On Roadway,0,None,1,Daylight,1,Clear,0,No,0000000,Not Applicable,99,Unknown,99,Unknown,99,Unknown EMS Scene Arrival Hour,99,Unknown EMS Scene Arrival Minutes,99,Unknown,99,Unknown EMS Hospital Arrival Time,1
12,Florida,123509,0,0,2,2,0,3,3,19,CLAY (19),0,NOT APPLICABLE,12,December,1,1,5,Thursday,2022,18,6:00pm-6:59pm,50,50,FILMORE ST,BLANDING BLVD,8,Other,2,Urban,7,Local,2,County Highway Agency,0,This section IS NOT on the NHS,0,No Special Jurisdiction,99998,Not Reported,30.14837778,30.14837778,-81.75630278,-81.75630278,12,Motor Vehicle In-Transport,6,Angle,0,No,2,Intersection,2,Four-Way Intersection,1,On Roadway,0,None,3,Dark - Lighted,1,Clear,0,No,0000000,Not Applicable,99,Unknown,99,Unknown,99,Unknown EMS Scene Arrival Hour,99,Unknown EMS Scene Arrival Minutes,99,Unknown,99,Unknown EMS Hospital Arrival Time,1
12,Florida,123510,1,1,1,1,0,1,1,86,MIAMI-DADE (86),0,NOT APPLICABLE,12,December,26,26,2,Monday,2022,19,7:00pm-7:59pm,34,34,SW 147TH CT,NA,8,Other,2,Urban,7,Local,2,County Highway Agency,0,This section IS NOT on the NHS,0,No Special Jurisdiction,99998,Not Reported,25.59996111,25.59996111,-80.43103333,-80.43103333,8,Pedestrian,0,The First Harmful Event was Not a Collision with a Motor Vehicle in Transport,0,No,1,Non-Junction,1,Not an Intersection,1,On Roadway,0,None,2,Dark - Not Lighted,2,Rain,0,No,0000000,Not Applicable,99,Unknown,99,Unknown,99,Unknown EMS Scene Arrival Hour,99,Unknown EMS Scene Arrival Minutes,99,Unknown,99,Unknown EMS Hospital Arrival Time,1
12,Florida,123512,0,0,1,1,0,1,1,29,DIXIE (29),720,CROSS CITY,2,February,13,13,1,Sunday,2022,18,6:00pm-6:59pm,25,25,NE 351 HWY,NA,8,Other,1,Rural,5,Major Collector,2,County Highway Agency,0,This section IS NOT on the NHS,0,No Special Jurisdiction,99998,Not Reported,29.64092778,29.64092778,-83.12323333,-83.12323333,42,Tree (Standing Only),0,The First Harmful Event was Not a Collision with a Motor Vehicle in Transport,0,No,1,Non-Junction,1,Not an Intersection,4,On Roadside,0,None,1,Daylight,2,Rain,0,No,0000000,Not Applicable,99,Unknown,99,Unknown,99,Unknown EMS Scene Arrival Hour,99,Unknown EMS Scene Arrival Minutes,99,Unknown,99,Unknown EMS Hospital Arrival Time,1
12,Florida,123513,1,1,1,1,0,1,1,103,PINELLAS (103),2730,SAINT PETERSBURG,3,March,18,18,6,Friday,2022,6,6:00am-6:59am,35,35,28TH ST N,NA,6,Local Street - Municipality,2,Urban,5,Major Collector,98,Not Reported,0,This section IS NOT on the NHS,0,No Special Jurisdiction,99998,Not Reported,27.86486667,27.86486667,-82.67163611,-82.67163611,8,Pedestrian,0,The First Harmful Event was Not a Collision with a Motor Vehicle in Transport,0,No,1,Non-Junction,1,Not an Intersection,1,On Roadway,0,None,2,Dark - Not Lighted,1,Clear,0,No,0000000,Not Applicable,99,Unknown,99,Unknown,99,Unknown EMS Scene Arrival Hour,99,Unknown EMS Scene Arrival Minutes,88,Not Applicable (Not Transported),88,Not Applicable (Not Transported),1
12,Florida,123514,0,0,2,2,0,7,7,117,SEMINOLE (117),1840,LONGWOOD,7,July,28,28,5,Thursday,2022,15,3:00pm-3:59pm,19,19,US-17,SR 600,2,US Highway,2,Urban,3,Principal Arterial - Other,1,State Highway Agency,1,This section IS ON the NHS,0,No Special Jurisdiction,99998,Not Reported,28.68569167,28.68569167,-81.33260278,-81.33260278,12,Motor Vehicle In-Transport,6,Angle,0,No,2,Intersection,3,T-Intersection,1,On Roadway,0,None,1,Daylight,1,Clear,0,No,0000000,Not Applicable,99,Unknown,99,Unknown,99,Unknown EMS Scene Arrival Hour,99,Unknown EMS Scene Arrival Minutes,99,Unknown,99,Unknown EMS Hospital Arrival Time,1
12,Florida,123515,0,0,2,2,0,3,3,105,POLK (105),0,NOT APPLICABLE,10,October,29,29,7,Saturday,2022,11,11:00am-11:59am,40,40,N COMBEE RD,GRIMES RD,6,Local Street - Municipality,1,Rural,7,Local,3,Town or Township Highway Agency,0,This section IS NOT on the NHS,0,No Special Jurisdiction,99998,Not Reported,28.09230556,28.09230556,-81.90563056,-81.90563056,12,Motor Vehicle In-Transport,2,Front-to-Front,0,No,3,Intersection-Related,3,T-Intersection,1,On Roadway,0,None,1,Daylight,1,Clear,0,No,0000000,Not Applicable,99,Unknown,99,Unknown,99,Unknown EMS Scene Arrival Hour,99,Unknown EMS Scene Arrival Minutes,99,Unknown,99,Unknown EMS Hospital Arrival Time,1
12,Florida,123516,1,1,2,1,1,1,1,73,LEON (73),2940,TALLAHASSEE,9,September,21,21,4,Wednesday,2022,8,8:00am-8:59am,0,0,GAMBLE ST,NA,6,Local Street - Municipality,2,Urban,7,Local,3,Town or Township Highway Agency,0,This section IS NOT on the NHS,0,No Special Jurisdiction,99999,Unknown,30.428775,30.428775,-84.28785833,-84.28785833,8,Pedestrian,0,The First Harmful Event was Not a Collision with a Motor Vehicle in Transport,0,No,1,Non-Junction,1,Not an Intersection,1,On Roadway,0,None,4,Dawn,1,Clear,0,No,0000000,Not Applicable,99,Unknown,99,Unknown,99,Unknown EMS Scene Arrival Hour,99,Unknown EMS Scene Arrival Minutes,88,Not Applicable (Not Transported),88,Not Applicable (Not Transported),1